CITY,CIRCLE,STD
ABHAYAPURI,ASSAM  ,3669  
ABOHAR,PUNJAB  ,1634  
ABU ROAD,RAJASTHAN  ,2974  
ACHALPUR,MAHARASHTRA  ,7223  
ACHAMPET,ANDHRA PRADESH  ,8541  
ACHHNERA,UTTAR PRADESH(WEST) & UTTARAKHAND  ,5613  
ADAMPUR MANDI,HARYANA  ,1669  
ADHAURA,BIHAR & JHARKHAND  ,6180  
ADILABAD,ANDHRA PRADESH  ,8732  
ADIMALY,KERALA  ,4864  
ADONI,ANDHRA PRADESH  ,8512  
ADOOR,KERALA  ,4734  
ADRA,WEST BENGAL & ANDAMAN NIKOBAR  ,3251  
AFZALPUR,KARNATAKA  ,8470  
AGAR,MADHYA PRADESH & CHHATTISGARH  ,7362  
AGARTALA,NORTH EAST  ,381  
AGATHY,KERALA  ,4894  
AGRA,UTTAR PRADESH(WEST) & UTTARAKHAND  ,562  
AHEMDABAD LOCAL,GUJRAT  ,79  
AHERI,MAHARASHTRA  ,7133  
AHMEDNAGAR,MAHARASHTRA  ,241  
AHMEDPUR,MAHARASHTRA  ,2381  
AHORE,RAJASTHAN  ,2978  
AHWA,GUJRAT  ,2631  
AINAPUR,KARNATAKA  ,8339  
AIZAWAL-I,NORTH EAST  ,389  
AIZWAL-II (SERCHIP),NORTH EAST  ,3838  
AJAIGARH,MADHYA PRADESH & CHHATTISGARH  ,7730  
AJARA,MAHARASHTRA  ,2323  
AJMER,RAJASTHAN  ,145  
AJNALA,PUNJAB  ,1858  
AKBARPUR,UTTAR PRADESH(EAST)  ,5111  
AKBARPUR-I (AKBARPUR),UTTAR PRADESH(EAST)  ,5271  
AKBARPUR-II (JALALPUR),UTTAR PRADESH(EAST)  ,5275  
AKHNOOR,JAMMU & KASHMIR  ,1924  
AKKALKOT,MAHARASHTRA  ,2181  
AKLERA,RAJASTHAN  ,7431  
AKOLA,MAHARASHTRA  ,724  
AKOLE,MAHARASHTRA  ,2424  
AKOT,MAHARASHTRA  ,7258  
ALAMPUR,ANDHRA PRADESH  ,8502  
ALAND,KARNATAKA  ,8477  
ALATHUR,KERALA  ,4922  
ALIBAGH,MAHARASHTRA  ,2141  
ALIGANJ (GANJDUNDWARA),UTTAR PRADESH(WEST) & UTTARAKHAND  ,5740  
ALIGARH,UTTAR PRADESH(WEST) & UTTARAKHAND  ,571  
ALIPURDUAR,WEST BENGAL & ANDAMAN NIKOBAR  ,3564  
ALIRAJPUR,MADHYA PRADESH & CHHATTISGARH  ,7394  
ALLAGADDA,ANDHRA PRADESH  ,8519  
ALLAHABAD,UTTAR PRADESH(EAST)  ,532  
ALLEPPEY,KERALA  ,477  
ALMORA,UTTAR PRADESH(WEST) & UTTARAKHAND  ,5962  
ALONG,NORTH EAST  ,3783  
ALOT,MADHYA PRADESH & CHHATTISGARH  ,7410  
ALUR,KARNATAKA  ,8170  
ALUR,ANDHRA PRADESH  ,8523  
ALWAR,RAJASTHAN  ,144  
AMAGAON,MAHARASHTRA  ,7189  
AMALAPURAM,ANDHRA PRADESH  ,8856  
AMALNER,MAHARASHTRA  ,2587  
AMANGALLU,ANDHRA PRADESH  ,8545  
AMARPATAN,MADHYA PRADESH & CHHATTISGARH  ,7675  
AMARPUR,BIHAR & JHARKHAND  ,6420  
AMARWADA,MADHYA PRADESH & CHHATTISGARH  ,7167  
AMB,HIMACHAL PRADESH  ,1976  
AMBAD,MAHARASHTRA  ,2483  
AMBAH,MADHYA PRADESH & CHHATTISGARH  ,7538  
AMBALA,HARYANA  ,171  
AMBASA,NORTH EAST  ,3826  
AMBASAMUDRAM,TAMILNADU  ,4634  
AMBEJOGAI,MAHARASHTRA  ,2446  
AMBER (CHOMU),RAJASTHAN  ,1423  
AMBIKAPUR,MADHYA PRADESH & CHHATTISGARH  ,7774  
AMET,RAJASTHAN  ,2908  
AMETHI,UTTAR PRADESH(EAST)  ,5368  
AMINI,KERALA  ,4891  
AMLAGORA,WEST BENGAL & ANDAMAN NIKOBAR  ,3227  
AMLAREN (DAWKI),NORTH EAST  ,3653  
AMOD,GUJRAT  ,2641  
AMRAVATI,MAHARASHTRA  ,721  
AMRELI,GUJRAT  ,2792  
AMRITSAR,PUNJAB  ,183  
AMROHA,UTTAR PRADESH(WEST) & UTTARAKHAND  ,5922  
ANAKAPALLE,ANDHRA PRADESH  ,8924  
ANAMALAI,TAMILNADU  ,4253  
ANAND,GUJRAT  ,2692  
ANANDAPUR,ORISSA  ,6731  
ANANTAPUR,ANDHRA PRADESH  ,8554  
ANANTNAG,JAMMU & KASHMIR  ,1932  
ANDAMAN ISLANDS,WEST BENGAL & ANDAMAN NIKOBAR  ,3192  
ANDOLE (JOGIPET),ANDHRA PRADESH  ,8450  
ANDROTH,KERALA  ,4893  
ANEKAL,KARNATAKA  ,8110  
ANINI,NORTH EAST  ,3801  
ANJAR (GANDHIDHAM),GUJRAT  ,2836  
ANKLESHWAR,GUJRAT  ,2646  
ANKOLA,KARNATAKA  ,8388  
ANTAGARH,MADHYA PRADESH & CHHATTISGARH  ,7847  
ANUGUL,ORISSA  ,6764  
ANUPGARH (E),RAJASTHAN  ,1498  
ANUPGARH (W) (GHARSANA),RAJASTHAN  ,1506  
AONLA -I,UTTAR PRADESH(WEST) & UTTARAKHAND  ,5823  
AONLA-II (RAMNAGAR),UTTAR PRADESH(WEST) & UTTARAKHAND  ,5824  
ARAKANDANALLUR,TAMILNADU  ,4153  
ARAKU,ANDHRA PRADESH  ,8936  
ARAMBAG,WEST BENGAL & ANDAMAN NIKOBAR  ,3211  
ARANG,MADHYA PRADESH & CHHATTISGARH  ,7720  
ARANTANGI,TAMILNADU  ,4371  
ARARIA,BIHAR & JHARKHAND  ,6453  
ARAVAKURICHI,TAMILNADU  ,4320  
ARERAJ,BIHAR & JHARKHAND  ,6258  
ARIYALUR,TAMILNADU  ,4329  
ARJUNI-MEROGAON,MAHARASHTRA  ,7196  
ARKI,HIMACHAL PRADESH  ,1796  
ARKONAM,TAMILNADU  ,4177  
ARMOOR,ANDHRA PRADESH  ,8463  
ARNI,TAMILNADU  ,4173  
ARONE,MADHYA PRADESH & CHHATTISGARH  ,7545  
ARRAH,BIHAR & JHARKHAND  ,6182  
ARSIKERE,KARNATAKA  ,8174  
ARUPPUKOTTAI,TAMILNADU  ,4566  
ARVI,MAHARASHTRA  ,7157  
ARWAL,BIHAR & JHARKHAND  ,6337  
ASANSOL,WEST BENGAL & ANDAMAN NIKOBAR  ,341  
ASHOKNAGAR,MADHYA PRADESH & CHHATTISGARH  ,7543  
ASHTA,MADHYA PRADESH & CHHATTISGARH  ,7560  
ASHTI,MAHARASHTRA  ,2441  
ASIFABAD,ANDHRA PRADESH  ,8733  
ASIND,RAJASTHAN  ,1480  
ASKA,ORISSA  ,6822  
ASPUR,RAJASTHAN  ,2967  
ASSANDH,HARYANA  ,1749  
ASWARAOPET,ANDHRA PRADESH  ,8740  
ATHANI,KARNATAKA  ,8289  
ATHGARH,ORISSA  ,6723  
ATHMALLIK,ORISSA  ,6763  
ATMAKUR,ANDHRA PRADESH  ,8627  
ATMAKUR,ANDHRA PRADESH  ,8504  
ATMAKUR,ANDHRA PRADESH  ,8517  
ATNER,MADHYA PRADESH & CHHATTISGARH  ,7144  
ATPADI,MAHARASHTRA  ,2343  
ATRAULI,UTTAR PRADESH(WEST) & UTTARAKHAND  ,5723  
ATRU,RAJASTHAN  ,7451  
ATTABIRA,ORISSA  ,6682  
ATTINGAL,KERALA  ,470  
ATTUR,TAMILNADU  ,4282  
AURAD,KARNATAKA  ,8485  
AURAIYA,UTTAR PRADESH(EAST)  ,5683  
AURANGABAD,MAHARASHTRA  ,2432  
AURANGABAD,BIHAR & JHARKHAND  ,6186  
AUSA,MAHARASHTRA  ,2383  
AVANASHI,TAMILNADU  ,4296  
AZAMGARH,UTTAR PRADESH(EAST)  ,5462  
B.KOTHAKOTA,ANDHRA PRADESH  ,8582  
BABAICHICHLI,MADHYA PRADESH & CHHATTISGARH  ,7790  
BABERU,UTTAR PRADESH(EAST)  ,5190  
BABHULGAON,MAHARASHTRA  ,7203  
BABLESHWAR,KARNATAKA  ,8355  
BABRA,GUJRAT  ,2791  
BACHELI,MADHYA PRADESH & CHHATTISGARH  ,7857  
BADAGARA,KERALA  ,496  
BADAMALHERA,MADHYA PRADESH & CHHATTISGARH  ,7689  
BADAMI,KARNATAKA  ,8357  
BADARWAS,MADHYA PRADESH & CHHATTISGARH  ,7495  
BADAUN,UTTAR PRADESH(WEST) & UTTARAKHAND  ,5832  
BADERAJPUR,MADHYA PRADESH & CHHATTISGARH  ,7849  
BADGAM,JAMMU & KASHMIR  ,1951  
BADNAGAR,MADHYA PRADESH & CHHATTISGARH  ,7367  
BADNAWAR,MADHYA PRADESH & CHHATTISGARH  ,7295  
BADVEL,ANDHRA PRADESH  ,8569  
BADWANI,MADHYA PRADESH & CHHATTISGARH  ,7290  
BAGAHA,BIHAR & JHARKHAND  ,6251  
BAGALKOT,KARNATAKA  ,8354  
BAGBAHERA,MADHYA PRADESH & CHHATTISGARH  ,7707  
BAGDIHI,ORISSA  ,6640  
BAGEPALLI,KARNATAKA  ,8150  
BAGESHWAR,UTTAR PRADESH(WEST) & UTTARAKHAND  ,5963  
BAGHMARA,NORTH EAST  ,3639  
BAGHPAT-II (BARAUT),UTTAR PRADESH(WEST) & UTTARAKHAND  ,1234  
BAGICHA,MADHYA PRADESH & CHHATTISGARH  ,7769  
BAGIDORA,RAJASTHAN  ,2968  
BAGLI,MADHYA PRADESH & CHHATTISGARH  ,7271  
BAGODAR,BIHAR & JHARKHAND  ,6557  
BAHADURGARH,HARYANA  ,1276  
BAHARAGORA,BIHAR & JHARKHAND  ,6594  
BAHERI,UTTAR PRADESH(WEST) & UTTARAKHAND  ,5822  
BAHRAICH-I (BAHRAILH),UTTAR PRADESH(EAST)  ,5252  
BAHRAICH-II (BHINGA),UTTAR PRADESH(EAST)  ,5250  
BAIHAR,MADHYA PRADESH & CHHATTISGARH  ,7636  
BAIKUNTHPUR,MADHYA PRADESH & CHHATTISGARH  ,7836  
BAILHONGAL,KARNATAKA  ,8288  
BAITHALANGSHU,ASSAM  ,3677  
BALACHAUR,PUNJAB  ,1885  
BALAGHAT,MADHYA PRADESH & CHHATTISGARH  ,7632  
BALANGIR,ORISSA  ,6652  
BALAPUR,MAHARASHTRA  ,7257  
BALARAMPUR-I (BALRAMPUR),UTTAR PRADESH(EAST)  ,5263  
BALARAMPUR-II (TULSIPUR),UTTAR PRADESH(EAST)  ,5264  
BALASINOR,GUJRAT  ,2690  
BALASORE,ORISSA  ,6782  
BALDEOGARH,MADHYA PRADESH & CHHATTISGARH  ,7684  
BALDI,MADHYA PRADESH & CHHATTISGARH  ,7326  
BALI (N)  (SUMERPUR),RAJASTHAN  ,2933  
BALI (S),RAJASTHAN  ,2938  
BALIGUDA,ORISSA  ,6846  
BALLIA-I (BALLIA),UTTAR PRADESH(EAST)  ,5498  
BALLIA-II (RANIGANJ),UTTAR PRADESH(EAST)  ,5496  
BALOD,MADHYA PRADESH & CHHATTISGARH  ,7749  
BALODABAZAR,MADHYA PRADESH & CHHATTISGARH  ,7727  
BALRAMPUR,MADHYA PRADESH & CHHATTISGARH  ,7831  
BALUGAON,ORISSA  ,6756  
BALUMATH,BIHAR & JHARKHAND  ,6568  
BALURGHAT,WEST BENGAL & ANDAMAN NIKOBAR  ,3522  
BAMANWAS,RAJASTHAN  ,7467  
BAMENG,NORTH EAST  ,3785  
BAMORI,MADHYA PRADESH & CHHATTISGARH  ,7540  
BANAGANAPALLE,ANDHRA PRADESH  ,8515  
BANAIGARH,ORISSA  ,6626  
BANDA,MADHYA PRADESH & CHHATTISGARH  ,7583  
BANDA,UTTAR PRADESH(EAST)  ,5192  
BANDAR (MACHILIPATNAM),ANDHRA PRADESH  ,8672  
BANDHAVGARH,MADHYA PRADESH & CHHATTISGARH  ,7653  
BANDIPUR,JAMMU & KASHMIR  ,1957  
BANERA,RAJASTHAN  ,1487  
BANGALORE,KARNATAKA  ,80  
BANGARPET,KARNATAKA  ,8153  
BANGARUPALEM,ANDHRA PRADESH  ,8573  
BANGIRIPOSI,ORISSA  ,6791  
BANJAR,HIMACHAL PRADESH  ,1903  
BANKA,BIHAR & JHARKHAND  ,6424  
BANKURA,WEST BENGAL & ANDAMAN NIKOBAR  ,3242  
BANMANKHI,BIHAR & JHARKHAND  ,6467  
BANSADA,GUJRAT  ,2630  
BANSDEEH,UTTAR PRADESH(EAST)  ,5494  
BANSGAON -I (BANSGAON),UTTAR PRADESH(EAST)  ,5525  
BANSGAON-II (BARHAL GANJ),UTTAR PRADESH(EAST)  ,5521  
BANSI,UTTAR PRADESH(EAST)  ,5545  
BANSUR,RAJASTHAN  ,1461  
BANSWADA,ANDHRA PRADESH  ,8466  
BANSWARA,RAJASTHAN  ,2962  
BANTWAL,KARNATAKA  ,8255  
BAPATLA,ANDHRA PRADESH  ,8643  
BARABANKI,UTTAR PRADESH(EAST)  ,5248  
BARACHAKIA,BIHAR & JHARKHAND  ,6257  
BARAMA,ASSAM  ,3623  
BARAMATI,MAHARASHTRA  ,2112  
BARAMULLA,JAMMU & KASHMIR  ,1952  
BARAN,RAJASTHAN  ,7453  
BARARA,HARYANA  ,1731  
BARAUNI,BIHAR & JHARKHAND  ,6279  
BARBIL,ORISSA  ,6767  
BARDOLI,GUJRAT  ,2622  
BAREILLY,UTTAR PRADESH(WEST) & UTTARAKHAND  ,581  
BAREJA,GUJRAT  ,2718  
BARELI,MADHYA PRADESH & CHHATTISGARH  ,7486  
BARGARH,ORISSA  ,6646  
BARH,BIHAR & JHARKHAND  ,6132  
BARHI,BIHAR & JHARKHAND  ,6543  
BARI,RAJASTHAN  ,5647  
BARIPADA,ORISSA  ,6792  
BARISADRI,RAJASTHAN  ,1473  
BARKAGAON,BIHAR & JHARKHAND  ,6551  
BARKOT,ORISSA  ,6643  
BARMER (E) (GUDDA),RAJASTHAN  ,2983  
BARMER (N) (KANOT),RAJASTHAN  ,2902  
BARMER (S) SINDARI,RAJASTHAN  ,2984  
BARMER (SW) (DHORIMANNA),RAJASTHAN  ,2986  
BARMER (W) (RAMSAR),RAJASTHAN  ,2985  
BARMER(C),RAJASTHAN  ,2982  
BARNALA,PUNJAB  ,1679  
BARODA,MADHYA PRADESH & CHHATTISGARH  ,7531  
BARPALLI,MADHYA PRADESH & CHHATTISGARH  ,7813  
BARPETA ROAD,ASSAM  ,3666  
BARSHI TAKLI,MAHARASHTRA  ,7255  
BARSI,MAHARASHTRA  ,2184  
BARSOI,BIHAR & JHARKHAND  ,6451  
BARWADIH,BIHAR & JHARKHAND  ,6567  
BARWAHA,MADHYA PRADESH & CHHATTISGARH  ,7280  
BARWALA,GUJRAT  ,2711  
BARWALA,HARYANA  ,1693  
BASANA,MADHYA PRADESH & CHHATTISGARH  ,7724  
BASAR,NORTH EAST  ,3795  
BASAVAKALYAN,KARNATAKA  ,8481  
BASAVANABAGEWADI,KARNATAKA  ,8358  
BASAVAPATNA,KARNATAKA  ,8180  
BASERI,RAJASTHAN  ,5646  
BASHOLI,JAMMU & KASHMIR  ,1921  
BASIA,BIHAR & JHARKHAND  ,6533  
BASIRHAT,WEST BENGAL & ANDAMAN NIKOBAR  ,3217  
BASMATNAGAR,MAHARASHTRA  ,2454  
BASSEIN,MAHARASHTRA  ,250  
BASSI,RAJASTHAN  ,1429  
BASTA,ORISSA  ,6781  
BASTANAR,MADHYA PRADESH & CHHATTISGARH  ,7862  
BASTI,UTTAR PRADESH(EAST)  ,5542  
BASWA (BANDIKUI),RAJASTHAN  ,1420  
BATALA,PUNJAB  ,1871  
BATKAKHAPA,MADHYA PRADESH & CHHATTISGARH  ,7169  
BATLAGUNDU,TAMILNADU  ,4543  
BAWAL,HARYANA  ,1284  
BAWANIKHERA,HARYANA  ,1254  
BAYAD,GUJRAT  ,2779  
BAYANA,RAJASTHAN  ,5648  
BEAWAR,RAJASTHAN  ,1462  
BEDARWAH,JAMMU & KASHMIR  ,1997  
BEGAMGANJ,MADHYA PRADESH & CHHATTISGARH  ,7487  
BEGUN(N),RAJASTHAN  ,1474  
BEGUN(S) (RAWATBHATA),RAJASTHAN  ,1475  
BEGUSARAI,BIHAR & JHARKHAND  ,6243  
BEHROR,RAJASTHAN  ,1494  
BELGAUM,KARNATAKA  ,831  
BELLAMPALLI,ANDHRA PRADESH  ,8735  
BELLARY,KARNATAKA  ,8392  
BELONIA,NORTH EAST  ,3823  
BELTHANGADY,KARNATAKA  ,8256  
BELUR,KARNATAKA  ,8177  
BEMETARA,MADHYA PRADESH & CHHATTISGARH  ,7824  
BENIPATTI,BIHAR & JHARKHAND  ,6271  
BENIPUR,BIHAR & JHARKHAND  ,6242  
BEOHARI,MADHYA PRADESH & CHHATTISGARH  ,7650  
BERASIA,MADHYA PRADESH & CHHATTISGARH  ,7565  
BERCHHA,MADHYA PRADESH & CHHATTISGARH  ,7363  
BERHAMPUR,WEST BENGAL & ANDAMAN NIKOBAR  ,3482  
BERHAMPUR,ORISSA  ,680  
BERLA,MADHYA PRADESH & CHHATTISGARH  ,7825  
BERMO,BIHAR & JHARKHAND  ,6549  
BETANATI,ORISSA  ,6793  
BETHUADAHARI,WEST BENGAL & ANDAMAN NIKOBAR  ,3474  
BETTIAH,BIHAR & JHARKHAND  ,6254  
BETUL,MADHYA PRADESH & CHHATTISGARH  ,7141  
BHABHUA,BIHAR & JHARKHAND  ,6189  
BHACHAV,GUJRAT  ,2837  
BHADOHI,UTTAR PRADESH(EAST)  ,5414  
BHADRA,RAJASTHAN  ,1504  
BHADRACHALAM,ANDHRA PRADESH  ,8743  
BHADRAK,ORISSA  ,6784  
BHADRAVATI,KARNATAKA  ,8282  
BHADRAWATI,MAHARASHTRA  ,7175  
BHAGALPUR,BIHAR & JHARKHAND  ,641  
BHAINSA,ANDHRA PRADESH  ,8752  
BHAINSDEHI,MADHYA PRADESH & CHHATTISGARH  ,7143  
BHAIRONGARH,MADHYA PRADESH & CHHATTISGARH  ,7789  
BHALKI,KARNATAKA  ,8484  
BHAMREGADH,MAHARASHTRA  ,7134  
BHANDARA,MAHARASHTRA  ,7184  
BHANDARIA,BIHAR & JHARKHAND  ,6581  
BHANDER,MADHYA PRADESH & CHHATTISGARH  ,7523  
BHANJANAGAR,ORISSA  ,6821  
BHANPURA,MADHYA PRADESH & CHHATTISGARH  ,7427  
BHANUPRATAPPUR,MADHYA PRADESH & CHHATTISGARH  ,7850  
BHANVAD,GUJRAT  ,2896  
BHARATHPUR,MADHYA PRADESH & CHHATTISGARH  ,7835  
BHARATPUR,RAJASTHAN  ,5644  
BHARMOUR,HIMACHAL PRADESH  ,1895  
BHARTHANA,UTTAR PRADESH(EAST)  ,5680  
BHARUCH,GUJRAT  ,2642  
BHARWARI,UTTAR PRADESH(EAST)  ,5331  
BHATAPARA,MADHYA PRADESH & CHHATTISGARH  ,7726  
BHATINDA,PUNJAB  ,164  
BHATKAL,KARNATAKA  ,8385  
BHATWARI-I (GANGOTRI),UTTAR PRADESH(WEST) & UTTARAKHAND  ,1377  
BHATWARI-I (UTTARKASHI),UTTAR PRADESH(WEST) & UTTARAKHAND  ,1374  
BHAVANI,TAMILNADU  ,4256  
BHAVNAGAR,GUJRAT  ,278  
BHAWANATHPUR,BIHAR & JHARKHAND  ,6563  
BHAWANIPATNA,ORISSA  ,6670  
BHEEMUNIPATNAM,ANDHRA PRADESH  ,8933  
BHIKANGAON,MADHYA PRADESH & CHHATTISGARH  ,7288  
BHILAIGARH,MADHYA PRADESH & CHHATTISGARH  ,7729  
BHILODA,GUJRAT  ,2771  
BHILWARA,RAJASTHAN  ,1482  
BHIM (N),RAJASTHAN  ,2951  
BHIM (S) (DAWER),RAJASTHAN  ,2909  
BHIMADOLE,ANDHRA PRADESH  ,8829  
BHIMAVARAM,ANDHRA PRADESH  ,8816  
BHIMPUR,MADHYA PRADESH & CHHATTISGARH  ,7142  
BHIND,MADHYA PRADESH & CHHATTISGARH  ,7534  
BHINMAL (N),RAJASTHAN  ,2969  
BHINMAL (S) (JASAWANTPURA),RAJASTHAN  ,2990  
BHIR,MAHARASHTRA  ,2442  
BHITARWAR,MADHYA PRADESH & CHHATTISGARH  ,7525  
BHIWANDI,MAHARASHTRA  ,2522  
BHIWANI,HARYANA  ,1664  
BHIWAPUR,MAHARASHTRA  ,7106  
BHOGAON,UTTAR PRADESH(EAST)  ,5673  
BHOGNIPUR (PAKHRAYAN),UTTAR PRADESH(EAST)  ,5113  
BHOKAR,MAHARASHTRA  ,2467  
BHOKARDAN,MAHARASHTRA  ,2485  
BHONGIR,ANDHRA PRADESH  ,8685  
BHOOM,MAHARASHTRA  ,2478  
BHOORAGAMPHAD (MANUGURU),ANDHRA PRADESH  ,8746  
BHOPAL,MADHYA PRADESH & CHHATTISGARH  ,755  
BHOPALPATNAM,MADHYA PRADESH & CHHATTISGARH  ,7851  
BHOR,MAHARASHTRA  ,2113  
BHUBANESHWAR,ORISSA  ,674  
BHUDARGAD (GARGOTI),MAHARASHTRA  ,2599  
BHUJ,GUJRAT  ,2832  
BHUSAWAL,MAHARASHTRA  ,2582  
BIAORA,MADHYA PRADESH & CHHATTISGARH  ,7374  
BIDAR,KARNATAKA  ,8482  
BIDHUNA,UTTAR PRADESH(EAST)  ,5681  
BIDUPUR,BIHAR & JHARKHAND  ,6229  
BIHARSHARIF,BIHAR & JHARKHAND  ,6112  
BIHUPURIA,ASSAM  ,3759  
BIJADANDI,MADHYA PRADESH & CHHATTISGARH  ,7643  
BIJAPUR,KARNATAKA  ,8352  
BIJAPUR,MADHYA PRADESH & CHHATTISGARH  ,7853  
BIJAWAR,MADHYA PRADESH & CHHATTISGARH  ,7608  
BIJAYPUR,MADHYA PRADESH & CHHATTISGARH  ,7528  
BIJNI,ASSAM  ,3668  
BIJNORE-I,UTTAR PRADESH(WEST) & UTTARAKHAND  ,1342  
BIJNORE-II (CHANDPUR),UTTAR PRADESH(WEST) & UTTARAKHAND  ,1345  
BIKANER (E) (JAMSAR),RAJASTHAN  ,1522  
BIKANER (N) (CHHATARGARH),RAJASTHAN  ,1520  
BIKANER (S),RAJASTHAN  ,151  
BIKANER (W) (POOGAL),RAJASTHAN  ,1523  
BIKANER(C) (JAIMALSAR),RAJASTHAN  ,1521  
BIKAPUR,UTTAR PRADESH(EAST)  ,5270  
BIKRAM,BIHAR & JHARKHAND  ,6135  
BIKRAMGANJ,BIHAR & JHARKHAND  ,6185  
BILARA (N) (BHOPALGARH),RAJASTHAN  ,2920  
BILARA (S) (PIPARCITY),RAJASTHAN  ,2930  
BILARI,UTTAR PRADESH(WEST) & UTTARAKHAND  ,5921  
BILASIPARA,ASSAM  ,3667  
BILASPUR,MADHYA PRADESH & CHHATTISGARH  ,7752  
BILASPUR,HIMACHAL PRADESH  ,1978  
BILGAM-I (MADHOGANJ),UTTAR PRADESH(EAST)  ,5851  
BILGRAM-II (SANDI),UTTAR PRADESH(EAST)  ,5855  
BILHAUR,UTTAR PRADESH(EAST)  ,5112  
BILIGI,KARNATAKA  ,8425  
BILLIMORA,GUJRAT  ,2634  
BILLOLI,MAHARASHTRA  ,2465  
BINA,MADHYA PRADESH & CHHATTISGARH  ,7580  
BINDKI,UTTAR PRADESH(EAST)  ,5181  
BIRMAHARAJPUR,ORISSA  ,6651  
BIRPARA,WEST BENGAL & ANDAMAN NIKOBAR  ,3563  
BIRPUR,BIHAR & JHARKHAND  ,6471  
BIRSA,MADHYA PRADESH & CHHATTISGARH  ,7637  
BIRSINGHPUR,MADHYA PRADESH & CHHATTISGARH  ,7655  
BISALPUR,UTTAR PRADESH(WEST) & UTTARAKHAND  ,5881  
BISAM CUTTACK,ORISSA  ,6863  
BISAULI,UTTAR PRADESH(WEST) & UTTARAKHAND  ,5834  
BISHENPUR,NORTH EAST  ,3879  
BISHNUPUR,WEST BENGAL & ANDAMAN NIKOBAR  ,3244  
BISHRAMPUR,BIHAR & JHARKHAND  ,6584  
BISWAN,UTTAR PRADESH(EAST)  ,5863  
BITRA,KERALA  ,4890  
BOATH (ECHODA),ANDHRA PRADESH  ,8751  
BOBBILI,ANDHRA PRADESH  ,8944  
BODHAN,ANDHRA PRADESH  ,8467  
BODLA,MADHYA PRADESH & CHHATTISGARH  ,7740  
BOKABAND,MADHYA PRADESH & CHHATTISGARH  ,7867  
BOKAJAN,ASSAM  ,3675  
BOKAKHAT,ASSAM  ,3776  
BOKARO,BIHAR & JHARKHAND  ,6542  
BOKO,ASSAM  ,3621  
BOLPUR,WEST BENGAL & ANDAMAN NIKOBAR  ,3463  
BOLWA,BIHAR & JHARKHAND  ,6539  
BONGOAN,WEST BENGAL & ANDAMAN NIKOBAR  ,3215  
BONLI,RAJASTHAN  ,7466  
BORIGUMA,ORISSA  ,6860  
BORSAD,GUJRAT  ,2696  
BOTAD,GUJRAT  ,2849  
BOUDH,ORISSA  ,6841  
BRAHMAPURI,MAHARASHTRA  ,7177  
BUBULCHANDI,WEST BENGAL & ANDAMAN NIKOBAR  ,3511  
BUDHANA,UTTAR PRADESH(WEST) & UTTARAKHAND  ,1392  
BUDHNI,MADHYA PRADESH & CHHATTISGARH  ,7564  
BUGUDA,ORISSA  ,6818  
BULANDSHAHR,UTTAR PRADESH(WEST) & UTTARAKHAND  ,5732  
BULDHANA,MAHARASHTRA  ,7262  
BUNDI,RAJASTHAN  ,747  
BUNDU,BIHAR & JHARKHAND  ,6530  
BURDWAN,WEST BENGAL & ANDAMAN NIKOBAR  ,342  
BURHANPUR,MADHYA PRADESH & CHHATTISGARH  ,7325  
BUTIBORI,MAHARASHTRA  ,7103  
BUXAR,BIHAR & JHARKHAND  ,6183  
BUXWAHA,MADHYA PRADESH & CHHATTISGARH  ,7609  
CALICUT,KERALA  ,495  
CANACONA (QUEPEM),MAHARASHTRA  ,8346  
CANNANORE,KERALA  ,497  
CANNARAYAPATNA,KARNATAKA  ,8176  
CANNING,WEST BENGAL & ANDAMAN NIKOBAR  ,3218  
CAPTANGANJ (KHADDA),UTTAR PRADESH(EAST)  ,5563  
CAPTANGANJ-I (CAPTANGANJ),UTTAR PRADESH(EAST)  ,5567  
CHAAHARAULI,HARYANA  ,1735  
CHACHAURA,MADHYA PRADESH & CHHATTISGARH  ,7546  
CHADCHAN,KARNATAKA  ,8422  
CHAIBASA,BIHAR & JHARKHAND  ,6582  
CHAINPUR,BIHAR & JHARKHAND  ,6586  
CHAINPUR,BIHAR & JHARKHAND  ,6535  
CHAKAI,BIHAR & JHARKHAND  ,6347  
CHAKARDHARPUR,BIHAR & JHARKHAND  ,6587  
CHAKIA,UTTAR PRADESH(EAST)  ,5413  
CHAKPIKARONG,NORTH EAST  ,3878  
CHAKRATA (DAKPATHER),UTTAR PRADESH(WEST) & UTTARAKHAND  ,1360  
CHALISGAON,MAHARASHTRA  ,2589  
CHALLAKERE,KARNATAKA  ,8195  
CHAMBA,HIMACHAL PRADESH  ,1899  
CHAMOLI,UTTAR PRADESH(WEST) & UTTARAKHAND  ,1372  
CHAMORSHI,MAHARASHTRA  ,7135  
CHAMPA-I,NORTH EAST  ,3831  
CHAMPADANGA,WEST BENGAL & ANDAMAN NIKOBAR  ,3212  
CHAMPAI-II (CHIAPUI),NORTH EAST  ,3830  
CHAMPAWAT,UTTAR PRADESH(WEST) & UTTARAKHAND  ,5965  
CHAMRAJNAGAR,KARNATAKA  ,8226  
CHANASMA,GUJRAT  ,2734  
CHANDAULI (MUGALSARAI),UTTAR PRADESH(EAST)  ,5412  
CHANDBALI,ORISSA  ,6786  
CHANDEL,NORTH EAST  ,3872  
CHANDERI,MADHYA PRADESH & CHHATTISGARH  ,7547  
CHANDGAD,MAHARASHTRA  ,2320  
CHANDIGARH,PUNJAB  ,172  
CHANDIL,BIHAR & JHARKHAND  ,6591  
CHANDIPARA,MADHYA PRADESH & CHHATTISGARH  ,7818  
CHANDOOR,ANDHRA PRADESH  ,8681  
CHANDRAPUR,MAHARASHTRA  ,7172  
CHANDURBAZAR,MAHARASHTRA  ,7227  
CHANDURRLY,MAHARASHTRA  ,7222  
CHANGLANG,NORTH EAST  ,3808  
CHANNAGIRI,KARNATAKA  ,8189  
CHANNAPATNA,KARNATAKA  ,8113  
CHANWAD,MAHARASHTRA  ,2556  
CHAPRA,BIHAR & JHARKHAND  ,6152  
CHARKHARI,UTTAR PRADESH(EAST)  ,5283  
CHARKHIDADRI,HARYANA  ,1250  
CHATRA,BIHAR & JHARKHAND  ,6541  
CHAURAI,MADHYA PRADESH & CHHATTISGARH  ,7166  
CHAVITIDIBBALU,ANDHRA PRADESH  ,8863  
CHAVPARAN,BIHAR & JHARKHAND  ,6547  
CHEEKA,HARYANA  ,1743  
CHEJERLA,ANDHRA PRADESH  ,8628  
CHENGALPATTU,TAMILNADU  ,4114  
CHENGAM,TAMILNADU  ,4188  
CHENNAI,TAMILNADU  ,44  
CHEPURUPALLI (GARIVIDI),ANDHRA PRADESH  ,8952  
CHERIAL,ANDHRA PRADESH  ,8710  
CHERRAPUNJEE,NORTH EAST  ,3637  
CHETLAT,KERALA  ,4899  
CHEVELLA,ANDHRA PRADESH  ,8417  
CHHABRA,RAJASTHAN  ,7452  
CHHAPARA,MADHYA PRADESH & CHHATTISGARH  ,7691  
CHHATA (KOSIKALAN),UTTAR PRADESH(WEST) & UTTARAKHAND  ,5662  
CHHATARPUR,MADHYA PRADESH & CHHATTISGARH  ,7682  
CHHATRAPUR,ORISSA  ,6811  
CHHENDIPADA,ORISSA  ,6761  
CHHIBRAMAU,UTTAR PRADESH(EAST)  ,5691  
CHHIKALDARA,MAHARASHTRA  ,7220  
CHHINDWARA,MADHYA PRADESH & CHHATTISGARH  ,7162  
CHHIPABORAD,RAJASTHAN  ,7454  
CHHOTA UDAIPUR,GUJRAT  ,2669  
CHHURIAKALA,MADHYA PRADESH & CHHATTISGARH  ,7745  
CHICHOLI,MADHYA PRADESH & CHHATTISGARH  ,7145  
CHIDAMBARAM,TAMILNADU  ,4144  
CHIKHALI,MAHARASHTRA  ,7264  
CHIKKABALLAPUR,KARNATAKA  ,8156  
CHIKKANAYAKANAHALLI,KARNATAKA  ,8133  
CHIKKODI,KARNATAKA  ,8338  
CHIKMAGALUR,KARNATAKA  ,8262  
CHINCHOLI,KARNATAKA  ,8475  
CHINCHWAD,MAHARASHTRA  ,212  
CHINGAMUT,MADHYA PRADESH & CHHATTISGARH  ,7863  
CHINGMUT,MADHYA PRADESH & CHHATTISGARH  ,7855  
CHINNOR,ANDHRA PRADESH  ,8737  
CHINTALAPUDI,ANDHRA PRADESH  ,8823  
CHINTAMANI,KARNATAKA  ,8154  
CHINTAPALLE,ANDHRA PRADESH  ,8937  
CHIPLUN,MAHARASHTRA  ,2355  
CHIRALA,ANDHRA PRADESH  ,8594  
CHIRAWA,RAJASTHAN  ,1596  
CHIRGAON (MOTH),UTTAR PRADESH(EAST)  ,5170  
CHITRADURGA,KARNATAKA  ,8194  
CHITRANGI,MADHYA PRADESH & CHHATTISGARH  ,7806  
CHITTAPUR,KARNATAKA  ,8474  
CHITTOOR,ANDHRA PRADESH  ,8572  
CHITTORGARH,RAJASTHAN  ,1472  
CHODAVARAM,ANDHRA PRADESH  ,8934  
CHOHTAN (N),RAJASTHAN  ,2989  
CHOHTAN (S) (GANGASAR),RAJASTHAN  ,2903  
CHOPDA,MAHARASHTRA  ,2586  
CHOTILA,GUJRAT  ,2751  
CHOWKHEM,NORTH EAST  ,3806  
CHUIKHADAN,MADHYA PRADESH & CHHATTISGARH  ,7743  
CHUMUR,MAHARASHTRA  ,7170  
CHUNUR,UTTAR PRADESH(EAST)  ,5443  
CHURAH (TISSA),HIMACHAL PRADESH  ,1896  
CHURCHANDPUR,NORTH EAST  ,3874  
CHURHAT,MADHYA PRADESH & CHHATTISGARH  ,7802  
CHURU,RAJASTHAN  ,1562  
COIMBATORE,TAMILNADU  ,422  
CONTAI,WEST BENGAL & ANDAMAN NIKOBAR  ,3220  
COOCHBEHAR,WEST BENGAL & ANDAMAN NIKOBAR  ,3582  
COWDAHALLI,KARNATAKA  ,8225  
CUDDALORE,TAMILNADU  ,4142  
CUDDAPAH,ANDHRA PRADESH  ,8562  
CUMBUM,ANDHRA PRADESH  ,8406  
CUMBUM,TAMILNADU  ,4554  
CUTTACK,ORISSA  ,671  
DABHARA,MADHYA PRADESH & CHHATTISGARH  ,7758  
DABHOI,GUJRAT  ,2663  
DABRA,MADHYA PRADESH & CHHATTISGARH  ,7524  
DABWALI,HARYANA  ,1668  
DADENGIRI (PHULBARI),NORTH EAST  ,3650  
DAHANU,MAHARASHTRA  ,2528  
DAHOD,GUJRAT  ,2673  
DALKHOLA,WEST BENGAL & ANDAMAN NIKOBAR  ,3525  
DALLIRAJHARA,MADHYA PRADESH & CHHATTISGARH  ,7748  
DALMAU-I (DALMAU),UTTAR PRADESH(EAST)  ,5317  
DALMAU-II (LALGANJ),UTTAR PRADESH(EAST)  ,5315  
DALSINGHSARAI,BIHAR & JHARKHAND  ,6278  
DALTONGANJ,BIHAR & JHARKHAND  ,6562  
DAMNAGAR,GUJRAT  ,2793  
DAMOH,MADHYA PRADESH & CHHATTISGARH  ,7638  
DAMOH,MADHYA PRADESH & CHHATTISGARH  ,7812  
DANAPUR,BIHAR & JHARKHAND  ,6115  
DANTA,GUJRAT  ,2749  
DANTAN,WEST BENGAL & ANDAMAN NIKOBAR  ,3229  
DANTARAMGARH (E) (SHYAMJI),RAJASTHAN  ,1576  
DANTARAMGARH (W),RAJASTHAN  ,1577  
DANTEWADA,MADHYA PRADESH & CHHATTISGARH  ,7856  
DAPOLI,MAHARASHTRA  ,2358  
DAPORIZO,NORTH EAST  ,3792  
DARBHANGA,BIHAR & JHARKHAND  ,6272  
DARINGBADI,ORISSA  ,6849  
DARJEELING,WEST BENGAL & ANDAMAN NIKOBAR  ,354  
DARSI,ANDHRA PRADESH  ,8407  
DARWAHA,MAHARASHTRA  ,7238  
DARYAPUR,MAHARASHTRA  ,7224  
DASADA,GUJRAT  ,2757  
DASPALLA,ORISSA  ,6757  
DASUA,PUNJAB  ,1883  
DATAGANJ,UTTAR PRADESH(WEST) & UTTARAKHAND  ,5831  
DATIA,MADHYA PRADESH & CHHATTISGARH  ,7522  
DAUDNAGAR,BIHAR & JHARKHAND  ,6328  
DAUND,MAHARASHTRA  ,2117  
DAUSA,RAJASTHAN  ,1427  
DAVANGERE,KARNATAKA  ,8192  
DEBAI,UTTAR PRADESH(WEST) & UTTARAKHAND  ,5734  
DEDIAPADA,GUJRAT  ,2649  
DEEDWANA,RAJASTHAN  ,1580  
DEEG,RAJASTHAN  ,5641  
DEESA,GUJRAT  ,2744  
DEGANA,RAJASTHAN  ,1587  
DEGLOOR,MAHARASHTRA  ,2463  
DEHGAM,GUJRAT  ,2716  
DEHRA GOPIPUR,HIMACHAL PRADESH  ,1970  
DEHRADUN,UTTAR PRADESH(WEST) & UTTARAKHAND  ,135  
DELHI TANDA,MAHARASHTRA  ,2460  
DEMAGIRI,NORTH EAST  ,3834  
DENKANIKOITAH,TAMILNADU  ,4347  
DEOBAND,UTTAR PRADESH(WEST) & UTTARAKHAND  ,1336  
DEOBHOG,MADHYA PRADESH & CHHATTISGARH  ,7704  
DEODAR,GUJRAT  ,2735  
DEODGARH,ORISSA  ,6641  
DEODURGA,KARNATAKA  ,8531  
DEOGAD,MAHARASHTRA  ,2364  
DEOGARH,RAJASTHAN  ,2904  
DEOGHAR,BIHAR & JHARKHAND  ,6432  
DEOLGAONRAJA,MAHARASHTRA  ,7261  
DEOLI,RAJASTHAN  ,1434  
DEOLI,MAHARASHTRA  ,7158  
DEOPRAYAG-I,UTTAR PRADESH(WEST) & UTTARAKHAND  ,1378  
DEOPRAYAG-II (JAKHOLI),UTTAR PRADESH(WEST) & UTTARAKHAND  ,1370  
DEORI,MAHARASHTRA  ,7199  
DEORI,MADHYA PRADESH & CHHATTISGARH  ,7586  
DEORIA,UTTAR PRADESH(EAST)  ,5568  
DEOSAR,MADHYA PRADESH & CHHATTISGARH  ,7801  
DEPALPUR,MADHYA PRADESH & CHHATTISGARH  ,7322  
DERAPUR (JHINJAK),UTTAR PRADESH(EAST)  ,5114  
DESAIGANJ,MAHARASHTRA  ,7137  
DESURI (RANI),RAJASTHAN  ,2934  
DEVAKOTTAI,TAMILNADU  ,4561  
DEVARAHIPPARGI,KARNATAKA  ,8424  
DEVARAKONDA,ANDHRA PRADESH  ,8691  
DEVGADHBARIA,GUJRAT  ,2678  
DEWAS,MADHYA PRADESH & CHHATTISGARH  ,7272  
DHADGAON,MAHARASHTRA  ,2595  
DHAKA,BIHAR & JHARKHAND  ,6250  
DHAKUAKHANA,ASSAM  ,3758  
DHAMDA,MADHYA PRADESH & CHHATTISGARH  ,7821  
DHAMDAHA,BIHAR & JHARKHAND  ,6462  
DHAMPUR,UTTAR PRADESH(WEST) & UTTARAKHAND  ,1344  
DHAMTARI,MADHYA PRADESH & CHHATTISGARH  ,7722  
DHANBAD,BIHAR & JHARKHAND  ,326  
DHANDHUKA,GUJRAT  ,2713  
DHANERA,GUJRAT  ,2748  
DHANIAKHALI,WEST BENGAL & ANDAMAN NIKOBAR  ,3213  
DHANMANDAL,ORISSA  ,6725  
DHANORA,MAHARASHTRA  ,7138  
DHAR,MADHYA PRADESH & CHHATTISGARH  ,7292  
DHARAM NAGAR,NORTH EAST  ,3822  
DHARAMGARH,ORISSA  ,6672  
DHARAMJAIGARH,MADHYA PRADESH & CHHATTISGARH  ,7766  
DHARAMPUR,GUJRAT  ,2633  
DHARAMPURAM,TAMILNADU  ,4258  
DHARAMPURI,MADHYA PRADESH & CHHATTISGARH  ,7294  
DHARANI,MAHARASHTRA  ,7226  
DHARCHULA,UTTAR PRADESH(WEST) & UTTARAKHAND  ,5967  
DHARI,GUJRAT  ,2797  
DHARIAWAD,RAJASTHAN  ,2950  
DHARMAPURI,TAMILNADU  ,4342  
DHARMAVARAM,ANDHRA PRADESH  ,8559  
DHEMAJI,ASSAM  ,3753  
DHENKANAL,ORISSA  ,6762  
DHIWADI,MAHARASHTRA  ,2165  
DHOLKA,GUJRAT  ,2714  
DHOLPUR,RAJASTHAN  ,5642  
DHORAJI,GUJRAT  ,2824  
DHRANGADHRA,GUJRAT  ,2754  
DHROL,GUJRAT  ,2897  
DHUBRI,ASSAM  ,3662  
DHULE,MAHARASHTRA  ,2562  
DHULIYAN,WEST BENGAL & ANDAMAN NIKOBAR  ,3485  
DIAMOND HARBOUR,WEST BENGAL & ANDAMAN NIKOBAR  ,3174  
DIBRUGARH,ASSAM  ,373  
DICHPALLI,ANDHRA PRADESH  ,8461  
DIGAPAHANDI,ORISSA  ,6814  
DIGBOI,ASSAM  ,3751  
DIGOD (SULTANPUR),RAJASTHAN  ,7455  
DIGRAS,MAHARASHTRA  ,7234  
DIMAPUR,NORTH EAST  ,3862  
DINANAGAR,PUNJAB  ,1875  
DINDIGUL,TAMILNADU  ,451  
DINDORI,MADHYA PRADESH & CHHATTISGARH  ,7644  
DINDORI,MAHARASHTRA  ,2557  
DINHATA,WEST BENGAL & ANDAMAN NIKOBAR  ,3581  
DIPHU,ASSAM  ,3671  
DIRANG,NORTH EAST  ,3780  
DIVI (CHALLAPALLI),ANDHRA PRADESH  ,8671  
DODA,JAMMU & KASHMIR  ,1996  
DODDABALLAPUR,KARNATAKA  ,8119  
DOMARIYAGANJ,UTTAR PRADESH(EAST)  ,5541  
DONAKONDA,ANDHRA PRADESH  ,8408  
DONGARGARH,MADHYA PRADESH & CHHATTISGARH  ,7823  
DRONACHALAM,ANDHRA PRADESH  ,8516  
DUDHI-I (DUDHI),UTTAR PRADESH(EAST)  ,5447  
DUDHI-II (PIPRI),UTTAR PRADESH(EAST)  ,5446  
DUDU,RAJASTHAN  ,1428  
DUMKA,BIHAR & JHARKHAND  ,6434  
DUMRAON,BIHAR & JHARKHAND  ,6323  
DUMRI(ISRIBAZAR),BIHAR & JHARKHAND  ,6558  
DUNDA,UTTAR PRADESH(WEST) & UTTARAKHAND  ,1371  
DUNGARPUR,RAJASTHAN  ,2964  
DUNGLA,RAJASTHAN  ,1470  
DUNGURIPALI,ORISSA  ,6653  
DURG,MADHYA PRADESH & CHHATTISGARH  ,788  
DURGAKONDAL,MADHYA PRADESH & CHHATTISGARH  ,7843  
DURGAPUR,WEST BENGAL & ANDAMAN NIKOBAR  ,343  
EDALABAD,MAHARASHTRA  ,2583  
EKMA,BIHAR & JHARKHAND  ,6155  
ELLENABAD,HARYANA  ,1698  
ELURU,ANDHRA PRADESH  ,8812  
ERANDUL,MAHARASHTRA  ,2588  
ERNAKULAM,KERALA  ,484  
ERODE,TAMILNADU  ,424  
ETAH,UTTAR PRADESH(WEST) & UTTARAKHAND  ,5742  
ETAPALLI,MAHARASHTRA  ,7136  
ETAWAH,UTTAR PRADESH(EAST)  ,5688  
ETURNAGARAM,ANDHRA PRADESH  ,8717  
FAIZABAD,UTTAR PRADESH(EAST)  ,5278  
FARIDABAD,HARYANA  ,129  
FARIDAKOT,PUNJAB  ,1639  
FARRUKHABAD (FATEGARH),UTTAR PRADESH(EAST)  ,5692  
FATEH-PUR-I (FATEHPUR),UTTAR PRADESH(EAST)  ,5180  
FATEHABAD,HARYANA  ,1667  
FATEHPUR,UTTAR PRADESH(EAST)  ,5240  
FATEHPUR,RAJASTHAN  ,1571  
FATEHPUR-II (GAZIPUR),UTTAR PRADESH(EAST)  ,5183  
FAZILKA,PUNJAB  ,1638  
FEROJPUR,HARYANA  ,1268  
FEROZABAD,UTTAR PRADESH(WEST) & UTTARAKHAND  ,5612  
FEROZEPUR,PUNJAB  ,1632  
FORBESGANJ,BIHAR & JHARKHAND  ,6455  
FORTSONGADH,GUJRAT  ,2624  
G.UDAYAGIRI,ORISSA  ,6847  
GADAG,KARNATAKA  ,8372  
GADARWARA,MADHYA PRADESH & CHHATTISGARH  ,7791  
GADCHIROLI,MAHARASHTRA  ,7132  
GADHADA,GUJRAT  ,2847  
GADHINGLAJ,MAHARASHTRA  ,2327  
GADWAL,ANDHRA PRADESH  ,8546  
GAGANBAVADA,MAHARASHTRA  ,2326  
GAIRATGANJ,MADHYA PRADESH & CHHATTISGARH  ,7481  
GAJAPATHINAGARAM,ANDHRA PRADESH  ,8965  
GAJWEL,ANDHRA PRADESH  ,8454  
GANDHI NAGAR,GUJRAT  ,2712  
GANGAJALGHATI,WEST BENGAL & ANDAMAN NIKOBAR  ,3241  
GANGAKHED,MAHARASHTRA  ,2453  
GANGAPUR,MAHARASHTRA  ,2433  
GANGAPUR,RAJASTHAN  ,7463  
GANGARAMPUR,WEST BENGAL & ANDAMAN NIKOBAR  ,3521  
GANGAVATHI,KARNATAKA  ,8533  
GANGDHAR,RAJASTHAN  ,7435  
GANGTOK,WEST BENGAL & ANDAMAN NIKOBAR  ,3592  
GANJBASODA,MADHYA PRADESH & CHHATTISGARH  ,7594  
GARAUTH,UTTAR PRADESH(EAST)  ,5171  
GARHASHANKER,PUNJAB  ,1884  
GARHMUKTESHWAR,UTTAR PRADESH(WEST) & UTTARAKHAND  ,5731  
GARHWA,BIHAR & JHARKHAND  ,6561  
GARIABAND,MADHYA PRADESH & CHHATTISGARH  ,7706  
GARIADHAR,GUJRAT  ,2843  
GARLADINNE,ANDHRA PRADESH  ,8551  
GAROTH,MADHYA PRADESH & CHHATTISGARH  ,7425  
GARPA,MADHYA PRADESH & CHHATTISGARH  ,7846  
GARU,BIHAR & JHARKHAND  ,6569  
GAUZING (NAYABAZAR),WEST BENGAL & ANDAMAN NIKOBAR  ,3595  
GAYA,BIHAR & JHARKHAND  ,631  
GERHI (PARTAPUR),RAJASTHAN  ,2963  
GEVRAI,MAHARASHTRA  ,2447  
GHAGHRA,BIHAR & JHARKHAND  ,6523  
GHANSOUR,MADHYA PRADESH & CHHATTISGARH  ,7693  
GHARAUNDA,HARYANA  ,1748  
GHARGHODA,MADHYA PRADESH & CHHATTISGARH  ,7767  
GHATAL,WEST BENGAL & ANDAMAN NIKOBAR  ,3225  
GHATAMPUR,UTTAR PRADESH(EAST)  ,5115  
GHATANJI,MAHARASHTRA  ,7230  
GHATGAON,ORISSA  ,6733  
GHATIA,MADHYA PRADESH & CHHATTISGARH  ,7368  
GHATIGAON,MADHYA PRADESH & CHHATTISGARH  ,7526  
GHATOL,RAJASTHAN  ,2961  
GHATSILA,BIHAR & JHARKHAND  ,6585  
GHAZIABAD+DADRI,UTTAR PRADESH(WEST) & UTTARAKHAND  ,120  
GHAZIPUR,UTTAR PRADESH(EAST)  ,548  
GHORANDOGRI,MADHYA PRADESH & CHHATTISGARH  ,7146  
GHOSI,UTTAR PRADESH(EAST)  ,5461  
GHUGHARI,MADHYA PRADESH & CHHATTISGARH  ,7647  
GIDDALUR,ANDHRA PRADESH  ,8405  
GINGEE,TAMILNADU  ,4145  
GIRIDIH,BIHAR & JHARKHAND  ,6532  
GIRWA (UDAIPUR),RAJASTHAN  ,294  
GOALPARA,ASSAM  ,3663  
GOBICHETTIPALAYAM,TAMILNADU  ,4285  
GODDA,BIHAR & JHARKHAND  ,6422  
GODHRA,GUJRAT  ,2672  
GOGAON,MADHYA PRADESH & CHHATTISGARH  ,7287  
GOGODAR,GUJRAT  ,2806  
GOGRI,BIHAR & JHARKHAND  ,6245  
GOGUNDA,MADHYA PRADESH & CHHATTISGARH  ,7865  
GOGUNDA,RAJASTHAN  ,2956  
GOHAD,MADHYA PRADESH & CHHATTISGARH  ,7539  
GOHANA,HARYANA  ,1263  
GOHARGANJ,MADHYA PRADESH & CHHATTISGARH  ,7480  
GOHPUR,ASSAM  ,3715  
GOINDWAL,PUNJAB  ,1859  
GOKAK,KARNATAKA  ,8332  
GOLAGHAT,ASSAM  ,3774  
GOLEGAON,MAHARASHTRA  ,2439  
GOMIA,BIHAR & JHARKHAND  ,6544  
GOND PIPRI,MAHARASHTRA  ,7171  
GONDA,UTTAR PRADESH(EAST)  ,5262  
GONDAL,GUJRAT  ,2825  
GONDIA,MAHARASHTRA  ,7182  
GOOTY (GUNTAKAL),ANDHRA PRADESH  ,8552  
GOPALGANJ,MADHYA PRADESH & CHHATTISGARH  ,7695  
GOPALGANJ,BIHAR & JHARKHAND  ,6156  
GORAKHPUR,UTTAR PRADESH(EAST)  ,551  
GOREGAON,MAHARASHTRA  ,7187  
GOTEGAON,MADHYA PRADESH & CHHATTISGARH  ,7794  
GOURIHAR,MADHYA PRADESH & CHHATTISGARH  ,7688  
GOVINDPUR,BIHAR & JHARKHAND  ,6540  
GOWRIBIDANUR,KARNATAKA  ,8155  
GUBBI,KARNATAKA  ,8131  
GUDALUR,TAMILNADU  ,4262  
GUDARI,ORISSA  ,6862  
GUDIVADA,ANDHRA PRADESH  ,8674  
GUDIYATHAM,TAMILNADU  ,4171  
GUDUR,ANDHRA PRADESH  ,8624  
GUDUR (KODUMUR),ANDHRA PRADESH  ,8525  
GUHAGAR,MAHARASHTRA  ,2359  
GULBARGA,KARNATAKA  ,8472  
GUMLA,BIHAR & JHARKHAND  ,6524  
GUNA,MADHYA PRADESH & CHHATTISGARH  ,7542  
GUNDLUPET,KARNATAKA  ,8229  
GUNNAUR,UTTAR PRADESH(WEST) & UTTARAKHAND  ,5836  
GUNNORE,MADHYA PRADESH & CHHATTISGARH  ,7731  
GUNTUR,ANDHRA PRADESH  ,863  
GUNUPUR,ORISSA  ,6857  
GURDASPUR,PUNJAB  ,1874  
GURGAON,HARYANA  ,124  
GURUHARSAHAI,PUNJAB  ,1685  
GUSKARA,WEST BENGAL & ANDAMAN NIKOBAR  ,3452  
GUWAHATI,ASSAM  ,361  
GWALIOR,MADHYA PRADESH & CHHATTISGARH  ,751  
GYRASPUR,MADHYA PRADESH & CHHATTISGARH  ,7596  
H.B.HALLI,KARNATAKA  ,8397  
H.D.KOTE,KARNATAKA  ,8228  
H.KHARAGPUR,BIHAR & JHARKHAND  ,6342  
HABRA,WEST BENGAL & ANDAMAN NIKOBAR  ,3216  
HADGAON,MAHARASHTRA  ,2468  
HAFLONG,ASSAM  ,3673  
HAIDERGARH,UTTAR PRADESH(EAST)  ,5244  
HAILAKANDI,ASSAM  ,3844  
HAJIPUR,BIHAR & JHARKHAND  ,6224  
HAJO,ASSAM  ,3664  
HALDIA,WEST BENGAL & ANDAMAN NIKOBAR  ,3224  
HALDWANI-I,UTTAR PRADESH(WEST) & UTTARAKHAND  ,5946  
HALDWANI-II (CHORGALIAN),UTTAR PRADESH(WEST) & UTTARAKHAND  ,5945  
HALIYAL,KARNATAKA  ,8284  
HALOL,GUJRAT  ,2676  
HALVAD,GUJRAT  ,2758  
HAMIRPUR,UTTAR PRADESH(EAST)  ,5282  
HAMIRPUR,HIMACHAL PRADESH  ,1972  
HANGAL,KARNATAKA  ,8379  
HANSI,HARYANA  ,1663  
HANUMANA,MADHYA PRADESH & CHHATTISGARH  ,7664  
HANUMANGARH,RAJASTHAN  ,1552  
HAPUR,UTTAR PRADESH(WEST) & UTTARAKHAND  ,122  
HARAPANAHALLI,KARNATAKA  ,8398  
HARDA,MADHYA PRADESH & CHHATTISGARH  ,7577  
HARDOI-I (HARDOI),UTTAR PRADESH(EAST)  ,5852  
HARDOI-II (BAGHAVLI),UTTAR PRADESH(EAST)  ,5850  
HARIJ,GUJRAT  ,2733  
HARIRAMPUR,WEST BENGAL & ANDAMAN NIKOBAR  ,3524  
HARISHCHANDRAPUR,WEST BENGAL & ANDAMAN NIKOBAR  ,3513  
HARRAI,MADHYA PRADESH & CHHATTISGARH  ,7168  
HARRAIYA,UTTAR PRADESH(EAST)  ,5546  
HARSUD,MADHYA PRADESH & CHHATTISGARH  ,7327  
HARUR,TAMILNADU  ,4346  
HASANGANJ,UTTAR PRADESH(EAST)  ,5143  
HASANPUR,UTTAR PRADESH(WEST) & UTTARAKHAND  ,5924  
HASSAN,KARNATAKA  ,8172  
HATHRAS,UTTAR PRADESH(WEST) & UTTARAKHAND  ,5722  
HATHUA,BIHAR & JHARKHAND  ,6150  
HATKANGALE (ICHALKARANJI),MAHARASHTRA  ,2324  
HATTA,MADHYA PRADESH & CHHATTISGARH  ,7604  
HAVERI,KARNATAKA  ,8375  
HAYULIANG,NORTH EAST  ,3805  
HAZARIBAGH,BIHAR & JHARKHAND  ,6546  
HAZURNAGAR,ANDHRA PRADESH  ,8683  
HEBRI,KARNATAKA  ,8253  
HEMGIRI,ORISSA  ,6621  
HILSA,BIHAR & JHARKHAND  ,6111  
HIMATNAGAR,GUJRAT  ,2772  
HINDAUN,RAJASTHAN  ,7469  
HINDOL,ORISSA  ,6732  
HINDOLI,RAJASTHAN  ,7436  
HINDUPUR,ANDHRA PRADESH  ,8556  
HINGANGHAT,MAHARASHTRA  ,7153  
HINGOLI,MAHARASHTRA  ,2456  
HINGUA,MAHARASHTRA  ,7104  
HIREKERUR,KARNATAKA  ,8376  
HIRIYUR,KARNATAKA  ,8193  
HISSAR,HARYANA  ,1662  
HOJAI,ASSAM  ,3674  
HOLALKERE,KARNATAKA  ,8191  
HOLENARASIPUR,KARNATAKA  ,8175  
HONNALI,KARNATAKA  ,8188  
HONNAVAR,KARNATAKA  ,8387  
HOSADURGA,KARNATAKA  ,8199  
HOSAKOTE,KARNATAKA  ,8111  
HOSANAGARA,KARNATAKA  ,8185  
HOSHANGABAD,MADHYA PRADESH & CHHATTISGARH  ,7574  
HOSHIARPUR,PUNJAB  ,1882  
HOSPET,KARNATAKA  ,8394  
HOSUR,TAMILNADU  ,4344  
HOWRAGHAT,ASSAM  ,3676  
HUBLI,KARNATAKA  ,836  
HUKKERI (SANKESHWAR),KARNATAKA  ,8333  
HUMNABAD,KARNATAKA  ,8483  
HUNGUND,KARNATAKA  ,8351  
HUNSAGI,KARNATAKA  ,8444  
HUNSUR,KARNATAKA  ,8222  
HUNTERGANJ,BIHAR & JHARKHAND  ,6550  
HURDA (GULABPURA),RAJASTHAN  ,1483  
HURI,NORTH EAST  ,3789  
HUSNABAD,ANDHRA PRADESH  ,8721  
HUVINAHADAGALI,KARNATAKA  ,8399  
HUZURABAD,ANDHRA PRADESH  ,8727  
HYDERABAD LOC,ANDHRA PRADESH  ,40  
HYDERABADEAST (GHATKESWAR),ANDHRA PRADESH  ,8415  
HYDERABADWEST (SHAMSHABAD),ANDHRA PRADESH  ,8413  
IBRAHIMPATNAM,ANDHRA PRADESH  ,8414  
ICHAK,BIHAR & JHARKHAND  ,6548  
ICHHAWAR,MADHYA PRADESH & CHHATTISGARH  ,7561  
IDAR,GUJRAT  ,2778  
IGATPURI,MAHARASHTRA  ,2553  
ILAMIDI,MADHYA PRADESH & CHHATTISGARH  ,7854  
IMAMGANJ,BIHAR & JHARKHAND  ,6331  
IMPHAL,NORTH EAST  ,385  
INDAPUR,MAHARASHTRA  ,2111  
INDI,KARNATAKA  ,8359  
INDORE,MADHYA PRADESH & CHHATTISGARH  ,731  
IRINJALAKUDA,KERALA  ,480  
ISAGARH,MADHYA PRADESH & CHHATTISGARH  ,7541  
ISLAMPUR,MAHARASHTRA  ,2342  
ISLAMPUR (M),WEST BENGAL & ANDAMAN NIKOBAR  ,3481  
ISLAMPUR (ND),WEST BENGAL & ANDAMAN NIKOBAR  ,3526  
ITANAGAR,NORTH EAST  ,360  
ITARSI,MADHYA PRADESH & CHHATTISGARH  ,7572  
ITKI,BIHAR & JHARKHAND  ,6529  
JABALPUR,MADHYA PRADESH & CHHATTISGARH  ,761  
JABERA,MADHYA PRADESH & CHHATTISGARH  ,7606  
JAGADHARI,HARYANA  ,1732  
JAGALUR,KARNATAKA  ,8196  
JAGARNATHPUR,BIHAR & JHARKHAND  ,6588  
JAGATBALLAVPUR,WEST BENGAL & ANDAMAN NIKOBAR  ,3214  
JAGATSINGHPUR,ORISSA  ,6724  
JAGDALPUR,MADHYA PRADESH & CHHATTISGARH  ,7782  
JAGGAYYAPET,ANDHRA PRADESH  ,8654  
JAGRAON,PUNJAB  ,1624  
JAGTIAL,ANDHRA PRADESH  ,8724  
JAHANABAD,BIHAR & JHARKHAND  ,6114  
JAHAZPUR,RAJASTHAN  ,1485  
JAINAGAR,BIHAR & JHARKHAND  ,6246  
JAIPUR,RAJASTHAN  ,141  
JAIRAMPUR,NORTH EAST  ,3800  
JAISALMER-1 (RAMGARH),RAJASTHAN  ,2991  
JAISALMER-10 (KHURI),RAJASTHAN  ,3014  
JAISALMER-11 (JAISALMER),RAJASTHAN  ,2992  
JAISALMER-12 (DEVIKOT),RAJASTHAN  ,2993  
JAISALMER-13 (MYAJLAR),RAJASTHAN  ,3015  
JAISALMER-14 (JHEENJANIYALI),RAJASTHAN  ,3016  
JAISALMER-2 (SADHNA),RAJASTHAN  ,3018  
JAISALMER-3 (NEHDAI),RAJASTHAN  ,2999  
JAISALMER-4 (SHAHGARH),RAJASTHAN  ,3010  
JAISALMER-5 (KHUIYALS),RAJASTHAN  ,2998  
JAISALMER-6 (PASEWAR),RAJASTHAN  ,3011  
JAISALMER-7 (MOHARGARH),RAJASTHAN  ,2997  
JAISALMER-8 (MEHSANA),RAJASTHAN  ,3012  
JAISALMER-9 (DHANAUA),RAJASTHAN  ,3013  
JAISINGHNAGAR,MADHYA PRADESH & CHHATTISGARH  ,7651  
JAITARAN,RAJASTHAN  ,2939  
JAITHARI,MADHYA PRADESH & CHHATTISGARH  ,7659  
JAITPUR,MADHYA PRADESH & CHHATTISGARH  ,7657  
JAITWARA,MADHYA PRADESH & CHHATTISGARH  ,7671  
JAJAPUR ROAD,ORISSA  ,6726  
JAJAPUR TOWN,ORISSA  ,6728  
JALALABAD,UTTAR PRADESH(EAST)  ,5843  
JALAUN,UTTAR PRADESH(EAST)  ,5168  
JALESAR,UTTAR PRADESH(WEST) & UTTARAKHAND  ,5745  
JALGAON,MAHARASHTRA  ,257  
JALGAONJAMOD,MAHARASHTRA  ,7266  
JALLANDHAR,PUNJAB  ,181  
JALNA,MAHARASHTRA  ,2482  
JALORE,RAJASTHAN  ,2973  
JALORE (W) (SAYLA),RAJASTHAN  ,2977  
JALPAIGURI,WEST BENGAL & ANDAMAN NIKOBAR  ,3561  
JALUKIE,NORTH EAST  ,3839  
JAMAI,MADHYA PRADESH & CHHATTISGARH  ,7160  
JAMANKIRA,ORISSA  ,6649  
JAMBUSAR,GUJRAT  ,2644  
JAMJODHPUR,GUJRAT  ,2898  
JAMKALYANPUR,GUJRAT  ,2891  
JAMKHANDI,KARNATAKA  ,8353  
JAMKHED,MAHARASHTRA  ,2421  
JAMMALAMADUGU,ANDHRA PRADESH  ,8560  
JAMMU,JAMMU & KASHMIR  ,191  
JAMNAGAR,GUJRAT  ,288  
JAMNER,MAHARASHTRA  ,2580  
JAMSHEDPUR,BIHAR & JHARKHAND  ,657  
JAMTARA,BIHAR & JHARKHAND  ,6433  
JAMUI,BIHAR & JHARKHAND  ,6345  
JAMWA-RAMGARH (ACHROL),RAJASTHAN  ,1426  
JANGAON,ANDHRA PRADESH  ,8716  
JANGAREDDYGUDEM,ANDHRA PRADESH  ,8821  
JANJGIR,MADHYA PRADESH & CHHATTISGARH  ,7817  
JANNARAM (LUXITTIPET),ANDHRA PRADESH  ,8739  
JANSATH (KHATAULI),UTTAR PRADESH(WEST) & UTTARAKHAND  ,1396  
JAORA,MADHYA PRADESH & CHHATTISGARH  ,7414  
JAPLA,BIHAR & JHARKHAND  ,6566  
JARAR,UTTAR PRADESH(WEST) & UTTARAKHAND  ,5614  
JARWA,MADHYA PRADESH & CHHATTISGARH  ,7787  
JASDAN,GUJRAT  ,2821  
JASHIPUR,ORISSA  ,6797  
JASHPURNAGAR,MADHYA PRADESH & CHHATTISGARH  ,7763  
JASRANA,UTTAR PRADESH(EAST)  ,5671  
JATARA,MADHYA PRADESH & CHHATTISGARH  ,7681  
JATH,MAHARASHTRA  ,2344  
JATUSANA,HARYANA  ,1281  
JAUNPUR,UTTAR PRADESH(EAST)  ,5452  
JAWAD,MADHYA PRADESH & CHHATTISGARH  ,7420  
JAWAHAR,MAHARASHTRA  ,2520  
JAYAL,RAJASTHAN  ,1583  
JAYAMKONDAN,TAMILNADU  ,4331  
JAYAPATNA,ORISSA  ,6673  
JETPUR,GUJRAT  ,2823  
JEWARGI,KARNATAKA  ,8442  
JEYPORE,ORISSA  ,6854  
JHABUA,MADHYA PRADESH & CHHATTISGARH  ,7392  
JHADOL,RAJASTHAN  ,2959  
JHAGADIA,GUJRAT  ,2645  
JHAJHA,BIHAR & JHARKHAND  ,6349  
JHAJHARPUR,BIHAR & JHARKHAND  ,6273  
JHAJJAR,HARYANA  ,1251  
JHALAWAR,RAJASTHAN  ,7432  
JHALDA,WEST BENGAL & ANDAMAN NIKOBAR  ,3254  
JHALOD,GUJRAT  ,2679  
JHANSI,UTTAR PRADESH(EAST)  ,5174  
JHARGRAM,WEST BENGAL & ANDAMAN NIKOBAR  ,3221  
JHARIGAN,ORISSA  ,6867  
JHARMUNDI,BIHAR & JHARKHAND  ,6431  
JHARSUGUDA,ORISSA  ,6645  
JHINKPANI,BIHAR & JHARKHAND  ,6589  
JHUMARITALAIYA,BIHAR & JHARKHAND  ,6534  
JHUNJHUNU (N) (BISSAU),RAJASTHAN  ,1595  
JHUNJHUNU (S),RAJASTHAN  ,1592  
JIND,HARYANA  ,1681  
JINTDOR,MAHARASHTRA  ,2457  
JIRIBAM,NORTH EAST  ,3876  
JOBAT,MADHYA PRADESH & CHHATTISGARH  ,7393  
JODHPUR (E),RAJASTHAN  ,291  
JODHPUR (W) (JHANWAR),RAJASTHAN  ,2931  
JODIA,GUJRAT  ,2893  
JOGINDERNAGAR,HIMACHAL PRADESH  ,1908  
JOIDA,KARNATAKA  ,8383  
JORA,MADHYA PRADESH & CHHATTISGARH  ,7537  
JORHAT,ASSAM  ,376  
JOSHIMATH-I,UTTAR PRADESH(WEST) & UTTARAKHAND  ,1389  
JOSHIMATH-II (BADRINATH),UTTAR PRADESH(WEST) & UTTARAKHAND  ,1381  
JOWAI,NORTH EAST  ,3652  
JUGIAL,PUNJAB  ,1870  
JUJUMURA,ORISSA  ,6681  
JULANA,HARYANA  ,1683  
JUNAGARH,GUJRAT  ,285  
JUNNAR,MAHARASHTRA  ,2132  
K.R.NAGAR,KARNATAKA  ,8223  
KADAMATH,KERALA  ,4897  
KADIPUR,UTTAR PRADESH(EAST)  ,5364  
KADIRI,ANDHRA PRADESH  ,8494  
KADUR,KARNATAKA  ,8267  
KAGAL (MURGUD),MAHARASHTRA  ,2325  
KAHALGAON,BIHAR & JHARKHAND  ,6429  
KAIJ,MAHARASHTRA  ,2445  
KAIKALURU,ANDHRA PRADESH  ,8677  
KAILSAHAR,NORTH EAST  ,3824  
KAIMGANJ,UTTAR PRADESH(EAST)  ,5690  
KAIRANA (SHAMLI),UTTAR PRADESH(WEST) & UTTARAKHAND  ,1398  
KAISARGANH-II (MAHASI),UTTAR PRADESH(EAST)  ,5255  
KAISARGANJ-I (KAISERGANJ),UTTAR PRADESH(EAST)  ,5251  
KAITHAL,HARYANA  ,1746  
KAKAIYA,MADHYA PRADESH & CHHATTISGARH  ,7649  
KAKDWIP,WEST BENGAL & ANDAMAN NIKOBAR  ,3210  
KAKINADA,ANDHRA PRADESH  ,884  
KALAKOT,JAMMU & KASHMIR  ,1964  
KALAKTUNG (BOMDILA),NORTH EAST  ,3782  
KALAMB,MAHARASHTRA  ,7201  
KALAMNURI,MAHARASHTRA  ,2455  
KALANAUR,HARYANA  ,1258  
KALANWALI,HARYANA  ,1696  
KALAWAD,GUJRAT  ,2894  
KALCHINI,WEST BENGAL & ANDAMAN NIKOBAR  ,3566  
KALGHATAGI,KARNATAKA  ,8370  
KALIMELA,ORISSA  ,6850  
KALIMPONG,WEST BENGAL & ANDAMAN NIKOBAR  ,3552  
KALKA,HARYANA  ,1733  
KALLAM,MAHARASHTRA  ,2473  
KALLKURICHI,TAMILNADU  ,4151  
KALMESHWAR,MAHARASHTRA  ,7118  
KALNA,WEST BENGAL & ANDAMAN NIKOBAR  ,3454  
KALOL,GUJRAT  ,2764  
KALPA,HIMACHAL PRADESH  ,1786  
KALPENI,KERALA  ,4895  
KALPETTA,KERALA  ,4936  
KALPI,UTTAR PRADESH(EAST)  ,5164  
KALWAKURTHY,ANDHRA PRADESH  ,8549  
KALWAN,MAHARASHTRA  ,2592  
KALYAN,MAHARASHTRA  ,251  
KALYANDURG,ANDHRA PRADESH  ,8497  
KAMAKHYANAGAR,ORISSA  ,6769  
KAMALAPUR,KARNATAKA  ,8478  
KAMALAPURAM (YERRAGUNTALA),ANDHRA PRADESH  ,8563  
KAMAN,RAJASTHAN  ,5640  
KAMAREDDY,ANDHRA PRADESH  ,8468  
KAMBADUR,ANDHRA PRADESH  ,8492  
KAMPTEE,MAHARASHTRA  ,7109  
KANAGANAPALLE,ANDHRA PRADESH  ,8491  
KANAKAPURA,KARNATAKA  ,8117  
KANCHEEPURAM,TAMILNADU  ,4112  
KANDHAR,MAHARASHTRA  ,2466  
KANDI,WEST BENGAL & ANDAMAN NIKOBAR  ,3484  
KANDUKURU,ANDHRA PRADESH  ,8598  
KANGAYAM,TAMILNADU  ,4257  
KANGRA (DHARAMSALA),HIMACHAL PRADESH  ,1892  
KANHANGAD,KERALA  ,4997  
KANIGIRI,ANDHRA PRADESH  ,8402  
KANJIRAPALLY,KERALA  ,4828  
KANKAVALI,MAHARASHTRA  ,2367  
KANKER,MADHYA PRADESH & CHHATTISGARH  ,7868  
KANNAD,MAHARASHTRA  ,2435  
KANNAUJ,UTTAR PRADESH(EAST)  ,5694  
KANNOD,MADHYA PRADESH & CHHATTISGARH  ,7273  
KANNODI,MADHYA PRADESH & CHHATTISGARH  ,7656  
KANPUR,UTTAR PRADESH(EAST)  ,512  
KANTABHANJI,ORISSA  ,6657  
KANTAMAL,ORISSA  ,6844  
KAPAD WANJ,GUJRAT  ,2691  
KAPASAN,RAJASTHAN  ,1476  
KAPURTHALA,PUNJAB  ,1822  
KARAD,MAHARASHTRA  ,2164  
KARAIKAL,TAMILNADU  ,4368  
KARAIKUDI,TAMILNADU  ,4565  
KARAN PRAYAG,UTTAR PRADESH(WEST) & UTTARAKHAND  ,1363  
KARANJIA,ORISSA  ,6796  
KARANJIA,MADHYA PRADESH & CHHATTISGARH  ,7645  
KARAULI,RAJASTHAN  ,7464  
KARCHHANA (SHANKERGARH),UTTAR PRADESH(EAST)  ,5333  
KARELI,MADHYA PRADESH & CHHATTISGARH  ,7793  
KARERA,MADHYA PRADESH & CHHATTISGARH  ,7493  
KARGAL,KARNATAKA  ,8186  
KARGIL,JAMMU & KASHMIR  ,1985  
KARHAL,UTTAR PRADESH(EAST)  ,5677  
KARHAL,MADHYA PRADESH & CHHATTISGARH  ,7533  
KARIMGANJ,ASSAM  ,3843  
KARIMNAGAR,ANDHRA PRADESH  ,878  
KARIMPUR,WEST BENGAL & ANDAMAN NIKOBAR  ,3471  
KARJAT,MAHARASHTRA  ,2148  
KARJAT,MAHARASHTRA  ,2489  
KARKALA,KARNATAKA  ,8258  
KARMALA,MAHARASHTRA  ,2182  
KARNAH,JAMMU & KASHMIR  ,1958  
KARNAL,HARYANA  ,184  
KARPA,MADHYA PRADESH & CHHATTISGARH  ,7628  
KARUNAGAPALLY,KERALA  ,476  
KARUR,TAMILNADU  ,4324  
KARVI -I (KARVI),UTTAR PRADESH(EAST)  ,5198  
KARVI-II (MANIKPUR),UTTAR PRADESH(EAST)  ,5194  
KARWAR,KARNATAKA  ,8382  
KASARGODE,KERALA  ,4994  
KASDOL,MADHYA PRADESH & CHHATTISGARH  ,7728  
KASGANJ,UTTAR PRADESH(WEST) & UTTARAKHAND  ,5744  
KASHIPUR,UTTAR PRADESH(WEST) & UTTARAKHAND  ,5947  
KASHIPUR,ORISSA  ,6865  
KASRAWAD,MADHYA PRADESH & CHHATTISGARH  ,7285  
KATANGI,MADHYA PRADESH & CHHATTISGARH  ,7630  
KATHDOL,MADHYA PRADESH & CHHATTISGARH  ,7770  
KATHGHORA,MADHYA PRADESH & CHHATTISGARH  ,7815  
KATHIKUND,BIHAR & JHARKHAND  ,6427  
KATHUA,JAMMU & KASHMIR  ,1922  
KATIHAR,BIHAR & JHARKHAND  ,6452  
KATNI,MADHYA PRADESH & CHHATTISGARH  ,7622  
KATOL,MAHARASHTRA  ,7112  
KATORIA,BIHAR & JHARKHAND  ,6425  
KATWA,WEST BENGAL & ANDAMAN NIKOBAR  ,3453  
KAVALI,ANDHRA PRADESH  ,8626  
KAVARATHY,KERALA  ,4896  
KAVATHEMANKAL,MAHARASHTRA  ,2341  
KAWARDHA,MADHYA PRADESH & CHHATTISGARH  ,7741  
KEDGAON,MAHARASHTRA  ,2119  
KEERANUR,TAMILNADU  ,4339  
KEKRI (E),RAJASTHAN  ,1467  
KEKRI (W) (BHINAI),RAJASTHAN  ,1466  
KENDRAPARA,ORISSA  ,6727  
KEOLARI,MADHYA PRADESH & CHHATTISGARH  ,7694  
KEONJHAR,ORISSA  ,6766  
KERAKAT,UTTAR PRADESH(EAST)  ,5450  
KESHOD,GUJRAT  ,2871  
KESHORAIPATAN (PATAN),RAJASTHAN  ,7438  
KESKAL,MADHYA PRADESH & CHHATTISGARH  ,7848  
KHACHROD,MADHYA PRADESH & CHHATTISGARH  ,7366  
KHADAKWASALA,MAHARASHTRA  ,230  
KHAGA,UTTAR PRADESH(EAST)  ,5182  
KHAGARIA,BIHAR & JHARKHAND  ,6244  
KHAIR,UTTAR PRADESH(WEST) & UTTARAKHAND  ,5724  
KHAIRAGARH,MADHYA PRADESH & CHHATTISGARH  ,7820  
KHAJURAHO,MADHYA PRADESH & CHHATTISGARH  ,7686  
KHAKNER,MADHYA PRADESH & CHHATTISGARH  ,7329  
KHALIKOTE,ORISSA  ,6810  
KHALILABAD -I,UTTAR PRADESH(EAST)  ,5547  
KHALILABAD-II (MEHDAWAL),UTTAR PRADESH(EAST)  ,5548  
KHALWA,MADHYA PRADESH & CHHATTISGARH  ,7328  
KHAMBAT,GUJRAT  ,2698  
KHAMBHALIA,GUJRAT  ,2833  
KHAMGAON,MAHARASHTRA  ,7263  
KHAMMAM,ANDHRA PRADESH  ,8742  
KHANAPUR,KARNATAKA  ,8336  
KHANAPUR (AP),ANDHRA PRADESH  ,8730  
KHANDAR,RAJASTHAN  ,7468  
KHANDWA,MADHYA PRADESH & CHHATTISGARH  ,733  
KHANIADHANA,MADHYA PRADESH & CHHATTISGARH  ,7497  
KHANPUR,RAJASTHAN  ,7430  
KHARAGPUR,WEST BENGAL & ANDAMAN NIKOBAR  ,3222  
KHARAR,PUNJAB  ,160  
KHARGONE,MADHYA PRADESH & CHHATTISGARH  ,7282  
KHARSAWA,BIHAR & JHARKHAND  ,6583  
KHATEGAON,MADHYA PRADESH & CHHATTISGARH  ,7274  
KHATIMA,UTTAR PRADESH(WEST) & UTTARAKHAND  ,5943  
KHATIMA-II (SITARGANJ),UTTAR PRADESH(WEST) & UTTARAKHAND  ,5948  
KHATRA,WEST BENGAL & ANDAMAN NIKOBAR  ,3243  
KHAVDA,GUJRAT  ,2803  
KHED,MAHARASHTRA  ,2356  
KHEDA,GUJRAT  ,2694  
KHEDBRAHMA,GUJRAT  ,2775  
KHERALU,GUJRAT  ,2761  
KHERI-I (KHERI),UTTAR PRADESH(EAST)  ,5872  
KHERI-II (BHIRA),UTTAR PRADESH(EAST)  ,5870  
KHERWARA,RAJASTHAN  ,2907  
KHETIA,MADHYA PRADESH & CHHATTISGARH  ,7286  
KHETRI,RAJASTHAN  ,1593  
KHILCHIPUR,MADHYA PRADESH & CHHATTISGARH  ,7370  
KHIRKIYA,MADHYA PRADESH & CHHATTISGARH  ,7571  
KHLIEHRIAT,NORTH EAST  ,3655  
KHONSA,NORTH EAST  ,3786  
KHOPOLI,MAHARASHTRA  ,2192  
KHOWAI,NORTH EAST  ,3825  
KHULTABAD,MAHARASHTRA  ,2437  
KHUNTI,BIHAR & JHARKHAND  ,6528  
KHURAI,MADHYA PRADESH & CHHATTISGARH  ,7581  
KHURDA,ORISSA  ,6755  
KHURJA,UTTAR PRADESH(WEST) & UTTARAKHAND  ,5738  
KICHHA-I (RUDRAPUR),UTTAR PRADESH(WEST) & UTTARAKHAND  ,5944  
KICHHA-II (BAZPUR),UTTAR PRADESH(WEST) & UTTARAKHAND  ,5949  
KILTAN,KERALA  ,4898  
KINWAT,MAHARASHTRA  ,2469  
KIPHIRE,NORTH EAST  ,3863  
KISHANGANJ,BIHAR & JHARKHAND  ,6466  
KISHANGANJ (BHANWARGARH),RAJASTHAN  ,7456  
KISHANGARH (N) (ROOPANGARH),RAJASTHAN  ,1497  
KISHANGARH (S),RAJASTHAN  ,1463  
KISHANGARHBAS (KHAIRTHAL),RAJASTHAN  ,1460  
KISHTWAR,JAMMU & KASHMIR  ,1995  
KODAIKANAL,TAMILNADU  ,4542  
KODANGAL,ANDHRA PRADESH  ,8505  
KODINAR,GUJRAT  ,2795  
KODUMUDI,TAMILNADU  ,4204  
KODURU,ANDHRA PRADESH  ,8566  
KODUVAYUR,KERALA  ,4923  
KOHIMA,NORTH EAST  ,370  
KOILKUNTLA,ANDHRA PRADESH  ,8510  
KOKRAJHAR,ASSAM  ,3661  
KOLAR,KARNATAKA  ,8152  
KOLARAS,MADHYA PRADESH & CHHATTISGARH  ,7494  
KOLARING,NORTH EAST  ,3788  
KOLASIB,NORTH EAST  ,3837  
KOLAYAT-I (GODDO),RAJASTHAN  ,1533  
KOLAYAT-II,RAJASTHAN  ,1534  
KOLAYAT-III (BAJJU),RAJASTHAN  ,1535  
KOLAYAT-IV (DAITRA),RAJASTHAN  ,1536  
KOLEBIRA,BIHAR & JHARKHAND  ,6527  
KOLHAPUR,MAHARASHTRA  ,231  
KOLKATA,WEST BENGAL & ANDAMAN NIKOBAR  ,33  
KOLLAPUR,ANDHRA PRADESH  ,8501  
KOLLEGAL,KARNATAKA  ,8224  
KOMANA,ORISSA  ,6679  
KONCH,UTTAR PRADESH(EAST)  ,5165  
KONDAGAON,MADHYA PRADESH & CHHATTISGARH  ,7786  
KONTA,MADHYA PRADESH & CHHATTISGARH  ,7866  
KOPARAGON,MAHARASHTRA  ,2423  
KOPPA,KARNATAKA  ,8265  
KOPPAL,KARNATAKA  ,8539  
KORAPUT,ORISSA  ,6852  
KORATAGERI,KARNATAKA  ,8138  
KORBA,MADHYA PRADESH & CHHATTISGARH  ,7759  
KOREGAON,MAHARASHTRA  ,2163  
KORHA,BIHAR & JHARKHAND  ,6457  
KOSLI,HARYANA  ,1259  
KOTA,MADHYA PRADESH & CHHATTISGARH  ,7753  
KOTAGARH,ORISSA  ,6848  
KOTAGIRI,TAMILNADU  ,4266  
KOTDASANGHANI,GUJRAT  ,2827  
KOTHAGUDEM,ANDHRA PRADESH  ,8744  
KOTKAPURA,PUNJAB  ,1635  
KOTMA,MADHYA PRADESH & CHHATTISGARH  ,7658  
KOTPUTLI,RAJASTHAN  ,1421  
KOTRA,RAJASTHAN  ,2958  
KOTRI,RAJASTHAN  ,1488  
KOTTAYAM,KERALA  ,481  
KOVILPATTI,TAMILNADU  ,4632  
KOVVUR,ANDHRA PRADESH  ,8622  
KOVVUR (NIDADAVOLU),ANDHRA PRADESH  ,8813  
KOYELIBEDA,MADHYA PRADESH & CHHATTISGARH  ,7840  
KRISHNA NAGAR,WEST BENGAL & ANDAMAN NIKOBAR  ,3472  
KRISHNAGIRI,TAMILNADU  ,4343  
KRISHNARAJAPET,KARNATAKA  ,8230  
KROSURU,ANDHRA PRADESH  ,8640  
KUAKUNDA,MADHYA PRADESH & CHHATTISGARH  ,7858  
KUCHINDA,ORISSA  ,6642  
KUDAL,MAHARASHTRA  ,2362  
KUDLIGI,KARNATAKA  ,8391  
KUHI,MAHARASHTRA  ,7100  
KUKSHI,MADHYA PRADESH & CHHATTISGARH  ,7297  
KULGAM,JAMMU & KASHMIR  ,1931  
KULITHALAI,TAMILNADU  ,4323  
KULLU,HIMACHAL PRADESH  ,1902  
KUMBAKONAM,TAMILNADU  ,435  
KUMBALGARH (CHARBHUJAJI),RAJASTHAN  ,2954  
KUMTA,KARNATAKA  ,8386  
KUNDA,UTTAR PRADESH(EAST)  ,5341  
KUNDAM,MADHYA PRADESH & CHHATTISGARH  ,7623  
KUNDAPUR,KARNATAKA  ,8254  
KUNDGOL,KARNATAKA  ,8304  
KUNIGAL,KARNATAKA  ,8132  
KUNKAWAV,GUJRAT  ,2796  
KUNKURI,MADHYA PRADESH & CHHATTISGARH  ,7764  
KUNNAMKULAM,KERALA  ,4885  
KUPPAM,ANDHRA PRADESH  ,8570  
KUPWARA,JAMMU & KASHMIR  ,1955  
KURKHEDA,MAHARASHTRA  ,7139  
KURNOOL,ANDHRA PRADESH  ,8518  
KURUD,MADHYA PRADESH & CHHATTISGARH  ,7705  
KURUGODU,KARNATAKA  ,8393  
KURUKSHETRA,HARYANA  ,1744  
KURWAI,MADHYA PRADESH & CHHATTISGARH  ,7593  
KUSHALGARH,RAJASTHAN  ,2965  
KUSMI,MADHYA PRADESH & CHHATTISGARH  ,7804  
KUSTAGI,KARNATAKA  ,8536  
KUSUMBA,MAHARASHTRA  ,2560  
KUTCHMANDVI,GUJRAT  ,2834  
KUTIYANA,GUJRAT  ,2804  
KUZHITHURAI,TAMILNADU  ,4651  
LADNUN,RAJASTHAN  ,1581  
LADPURA  (KOTA),RAJASTHAN  ,744  
LAHER,MADHYA PRADESH & CHHATTISGARH  ,7529  
LAHUL (KEYLONG),HIMACHAL PRADESH  ,1900  
LAHUNIPARA,ORISSA  ,6625  
LAKHANDUR,MAHARASHTRA  ,7181  
LAKHISARAI,BIHAR & JHARKHAND  ,6346  
LAKHNADON,MADHYA PRADESH & CHHATTISGARH  ,7690  
LAKHPAT,GUJRAT  ,2839  
LAKHTAR,GUJRAT  ,2759  
LAKKIREDDIPALLI,ANDHRA PRADESH  ,8567  
LALGANJ,UTTAR PRADESH(EAST)  ,5463  
LALITPUR-I (LALITPUR),UTTAR PRADESH(EAST)  ,5176  
LALITPUR-II (TALBEHAT),UTTAR PRADESH(EAST)  ,5175  
LALPUR,GUJRAT  ,2895  
LALSOT,RAJASTHAN  ,1431  
LAMTA,MADHYA PRADESH & CHHATTISGARH  ,7634  
LANGA,MAHARASHTRA  ,2351  
LANJI,MADHYA PRADESH & CHHATTISGARH  ,7635  
LANSDOWN-I,UTTAR PRADESH(WEST) & UTTARAKHAND  ,1386  
LANSDOWN-II (KOTDWARA),UTTAR PRADESH(WEST) & UTTARAKHAND  ,1382  
LANSDOWN-III (SYUNSI),UTTAR PRADESH(WEST) & UTTARAKHAND  ,1348  
LATEHAR,BIHAR & JHARKHAND  ,6565  
LATERI,MADHYA PRADESH & CHHATTISGARH  ,7590  
LATUR,MAHARASHTRA  ,2382  
LAUNDI,MADHYA PRADESH & CHHATTISGARH  ,7687  
LAXMANGARH (E),RAJASTHAN  ,1573  
LAXMANGARH (KHERLI),RAJASTHAN  ,1492  
LAXMANGARH (W) (NECHWA),RAJASTHAN  ,1570  
LAXMIPUR,ORISSA  ,6855  
LEH,JAMMU & KASHMIR  ,1982  
LIMBDI,GUJRAT  ,2753  
LIMKHEDA,GUJRAT  ,2677  
LINGSUGUR,KARNATAKA  ,8537  
LOHADIGUNDAH,MADHYA PRADESH & CHHATTISGARH  ,7859  
LOHARDAGA,BIHAR & JHARKHAND  ,6526  
LOHARU,HARYANA  ,1252  
LONAR,MAHARASHTRA  ,7260  
LONAVALA,MAHARASHTRA  ,2114  
LORMI,MADHYA PRADESH & CHHATTISGARH  ,7756  
LUCKNOW,UTTAR PRADESH(EAST)  ,522  
LUCKWADA,MADHYA PRADESH & CHHATTISGARH  ,7788  
LUDHIANA,PUNJAB  ,161  
LUNAVADA,GUJRAT  ,2674  
LUNGLEH,NORTH EAST  ,372  
LUNKARANSAR-I (KANHOLI),RAJASTHAN  ,1529  
LUNKARANSAR-II (MAHAJAN),RAJASTHAN  ,1526  
LUNKARANSAR-III (RAJASARB),RAJASTHAN  ,1527  
LUNKARANSAR-IV,RAJASTHAN  ,1528  
M.M.MANGROL,GUJRAT  ,2629  
M.RAMPUR,ORISSA  ,6676  
MACHLISHAHAR,UTTAR PRADESH(EAST)  ,5454  
MADAKASIRA,ANDHRA PRADESH  ,8493  
MADANAPALLI,ANDHRA PRADESH  ,8571  
MADANGAD,MAHARASHTRA  ,2350  
MADHA,MAHARASHTRA  ,2183  
MADHEPURA,BIHAR & JHARKHAND  ,6476  
MADHIRA,ANDHRA PRADESH  ,8749  
MADHUBANI,BIHAR & JHARKHAND  ,6276  
MADHUPUR,BIHAR & JHARKHAND  ,6438  
MADIKERI,KARNATAKA  ,8272  
MADNUR,ANDHRA PRADESH  ,8464  
MADUGIRI,KARNATAKA  ,8137  
MADURAI,TAMILNADU  ,452  
MADURANTAGAM,TAMILNADU  ,4115  
MAHABALESWAR,MAHARASHTRA  ,2168  
MAHABUBBAD,ANDHRA PRADESH  ,8719  
MAHABUBNAGAR,ANDHRA PRADESH  ,8542  
MAHAD,MAHARASHTRA  ,2145  
MAHADEVAPUR,ANDHRA PRADESH  ,8720  
MAHAGAMA,BIHAR & JHARKHAND  ,6437  
MAHARAJGANJ,UTTAR PRADESH(EAST)  ,5523  
MAHARAJGANJ,BIHAR & JHARKHAND  ,6153  
MAHASALA,MAHARASHTRA  ,2149  
MAHASAMUND,MADHYA PRADESH & CHHATTISGARH  ,7723  
MAHASWAD,MAHARASHTRA  ,2373  
MAHESHPUR RAJ,BIHAR & JHARKHAND  ,6423  
MAHESHWAR,MADHYA PRADESH & CHHATTISGARH  ,7283  
MAHIDPURCITY,MADHYA PRADESH & CHHATTISGARH  ,7365  
MAHOBA,UTTAR PRADESH(EAST)  ,5281  
MAHORE,JAMMU & KASHMIR  ,1999  
MAHUA,BIHAR & JHARKHAND  ,6227  
MAHUVA,GUJRAT  ,2844  
MAHUWA,RAJASTHAN  ,7461  
MAIBONG,ASSAM  ,3670  
MAIHAR,MADHYA PRADESH & CHHATTISGARH  ,7674  
MAINPURI,UTTAR PRADESH(EAST)  ,5672  
MAIRANG,NORTH EAST  ,3657  
MAIRWA,BIHAR & JHARKHAND  ,6157  
MAJHAGWAN,MADHYA PRADESH & CHHATTISGARH  ,7670  
MAJHOLI,MADHYA PRADESH & CHHATTISGARH  ,7803  
MAJULI,ASSAM  ,3775  
MAKODI,MADHYA PRADESH & CHHATTISGARH  ,7785  
MAKTHAL,ANDHRA PRADESH  ,8503  
MAL BAZAR,WEST BENGAL & ANDAMAN NIKOBAR  ,3562  
MALAUT,PUNJAB  ,1637  
MALAVALLI,KARNATAKA  ,8231  
MALDA,WEST BENGAL & ANDAMAN NIKOBAR  ,3512  
MALEGAON,MAHARASHTRA  ,2554  
MALERKOTLA,PUNJAB  ,1675  
MALGAON,MAHARASHTRA  ,7254  
MALGUND,MAHARASHTRA  ,2357  
MALHARGARH,MADHYA PRADESH & CHHATTISGARH  ,7424  
MALIA-HATINA,GUJRAT  ,2870  
MALIHABAD,UTTAR PRADESH(EAST)  ,5212  
MALIYA MIYANA,GUJRAT  ,2829  
MALKANGIRI,ORISSA  ,6861  
MALKAPUR,MAHARASHTRA  ,7267  
MALLEHPUR,BIHAR & JHARKHAND  ,6348  
MALPUR,GUJRAT  ,2773  
MALPURA,RAJASTHAN  ,1437  
MALSURAS,MAHARASHTRA  ,2185  
MALUR,KARNATAKA  ,8151  
MALVI (FATEHNAGAR),RAJASTHAN  ,2955  
MALWAN,MAHARASHTRA  ,2365  
MANAMADURAI,TAMILNADU  ,4574  
MANANTHODY,KERALA  ,4935  
MANAPARAI,TAMILNADU  ,4332  
MANASA,MADHYA PRADESH & CHHATTISGARH  ,7421  
MANAVADAR,GUJRAT  ,2874  
MANAWAR,MADHYA PRADESH & CHHATTISGARH  ,7291  
MANBAZAR,WEST BENGAL & ANDAMAN NIKOBAR  ,3253  
MANCHAR,MAHARASHTRA  ,2133  
MANCHERIAL,ANDHRA PRADESH  ,8736  
MANDAL,RAJASTHAN  ,1486  
MANDALGARH,RAJASTHAN  ,1489  
MANDAPETA (RAVULAPALEM),ANDHRA PRADESH  ,8855  
MANDAR,BIHAR & JHARKHAND  ,6531  
MANDAWAR,RAJASTHAN  ,1495  
MANDI,HIMACHAL PRADESH  ,1905  
MANDLA,MADHYA PRADESH & CHHATTISGARH  ,7642  
MANDSAUR,MADHYA PRADESH & CHHATTISGARH  ,7422  
MANDU,BIHAR & JHARKHAND  ,6545  
MANDVI,GUJRAT  ,2623  
MANDYA,KARNATAKA  ,8232  
MANENDRAGARH,MADHYA PRADESH & CHHATTISGARH  ,7771  
MANGALAGIRI,ANDHRA PRADESH  ,8645  
MANGALDOI,ASSAM  ,3713  
MANGALORE,KARNATAKA  ,824  
MANGALWEDHA,MAHARASHTRA  ,2188  
MANGAON,MAHARASHTRA  ,2140  
MANGROL,RAJASTHAN  ,7457  
MANGROL,GUJRAT  ,2878  
MANGRULPUR,MAHARASHTRA  ,7253  
MANJALEGAON,MAHARASHTRA  ,2443  
MANJERI,KERALA  ,483  
MANMAD,MAHARASHTRA  ,2591  
MANNARGHAT,KERALA  ,4924  
MANNARGUDI,TAMILNADU  ,4367  
MANOHARPUR,BIHAR & JHARKHAND  ,6593  
MANPUR,MADHYA PRADESH & CHHATTISGARH  ,7746  
MANPUR,MADHYA PRADESH & CHHATTISGARH  ,7703  
MANPUR,MADHYA PRADESH & CHHATTISGARH  ,7627  
MANSA,PUNJAB  ,1652  
MANT (VRINDAVAN),UTTAR PRADESH(WEST) & UTTARAKHAND  ,5664  
MANTHANI,ANDHRA PRADESH  ,8729  
MANVI,KARNATAKA  ,8538  
MAO (KORANG),NORTH EAST  ,3871  
MAREGAON,MAHARASHTRA  ,7236  
MARGAO,MAHARASHTRA  ,8342  
MARIANI,ASSAM  ,3771  
MARIGAON,MAHARASHTRA  ,7237  
MARIYAHU,UTTAR PRADESH(EAST)  ,5451  
MARIYANG,NORTH EAST  ,3798  
MARKAPUR,ANDHRA PRADESH  ,8596  
MARTURU,ANDHRA PRADESH  ,8404  
MARWAHI,MADHYA PRADESH & CHHATTISGARH  ,7750  
MARWAR-Jn,RAJASTHAN  ,2935  
MASHAL,KARNATAKA  ,8471  
MASRAKH,BIHAR & JHARKHAND  ,6159  
MATHABHANGA,WEST BENGAL & ANDAMAN NIKOBAR  ,3583  
MATHILI,ORISSA  ,6864  
MATHURA,UTTAR PRADESH(WEST) & UTTARAKHAND  ,565  
MAU (RAJAPUR),UTTAR PRADESH(EAST)  ,5195  
MAUDAHA,UTTAR PRADESH(EAST)  ,5284  
MAUGANJ,MADHYA PRADESH & CHHATTISGARH  ,7663  
MAUNATHBHANJAN,UTTAR PRADESH(EAST)  ,5464  
MAURANIPUR,UTTAR PRADESH(EAST)  ,5178  
MAVELIKKARA,KERALA  ,479  
MAWAI,MADHYA PRADESH & CHHATTISGARH  ,7648  
MAWANA,UTTAR PRADESH(WEST) & UTTARAKHAND  ,1233  
MAWKYRWAT,NORTH EAST  ,3656  
MAYILADUTHURAI,TAMILNADU  ,4364  
MECHUKA,NORTH EAST  ,3793  
MEDAK,ANDHRA PRADESH  ,8452  
MEDARMETLA,ANDHRA PRADESH  ,8593  
MEDCHAL,ANDHRA PRADESH  ,8418  
MEDHA,MAHARASHTRA  ,2378  
MEERUT,UTTAR PRADESH(WEST) & UTTARAKHAND  ,121  
MEHAM,HARYANA  ,1257  
MEHGAON,MADHYA PRADESH & CHHATTISGARH  ,7527  
MEHRAUN,UTTAR PRADESH(EAST)  ,5172  
MEHSANA,GUJRAT  ,2762  
MEJA (SIRSA),UTTAR PRADESH(EAST)  ,5334  
MEKHAR,MAHARASHTRA  ,7268  
MEKHLIGANJ,WEST BENGAL & ANDAMAN NIKOBAR  ,3584  
MERTA (E)  (MERTA-CITY),RAJASTHAN  ,1590  
MERTA (W)  (GOTAN),RAJASTHAN  ,1591  
METPALLI,ANDHRA PRADESH  ,8725  
METTUPALAYAM,TAMILNADU  ,4254  
METTURDAM,TAMILNADU  ,4298  
MHOW,MADHYA PRADESH & CHHATTISGARH  ,7324  
MIAO,NORTH EAST  ,3807  
MINICOY,KERALA  ,4892  
MIRYALGUDA,ANDHRA PRADESH  ,8689  
MIRZAPUR-I (MIRZAPUR),UTTAR PRADESH(EAST)  ,5442  
MIRZAPUR-II (HALLIA),UTTAR PRADESH(EAST)  ,5440  
MISRIKH -I (MISRIKH),UTTAR PRADESH(EAST)  ,5865  
MISRIKH-II (AURANGABAD),UTTAR PRADESH(EAST)  ,5861  
MIYAGAM,GUJRAT  ,2666  
MODASA,GUJRAT  ,2774  
MODINAGAR,UTTAR PRADESH(WEST) & UTTARAKHAND  ,1232  
MOGA,PUNJAB  ,1636  
MOHADI,MAHARASHTRA  ,7197  
MOHAMDABAD,UTTAR PRADESH(EAST)  ,5493  
MOHAMDI-I (MOHAMDI),UTTAR PRADESH(EAST)  ,5876  
MOHAMDI-II (MAIGALGANJ),UTTAR PRADESH(EAST)  ,5875  
MOHANA,ORISSA  ,6816  
MOHANIA,BIHAR & JHARKHAND  ,6187  
MOHINDERGARH,HARYANA  ,1285  
MOHLA,MADHYA PRADESH & CHHATTISGARH  ,7747  
MOHOL,MAHARASHTRA  ,2189  
MOKHADA,MAHARASHTRA  ,2529  
MOKOKCHUNG,NORTH EAST  ,369  
MOLKALMURU,KARNATAKA  ,8198  
MON,NORTH EAST  ,3869  
MONGHYR,BIHAR & JHARKHAND  ,6344  
MORADABAD,UTTAR PRADESH(WEST) & UTTARAKHAND  ,591  
MORANHAT,ASSAM  ,3754  
MORENA,MADHYA PRADESH & CHHATTISGARH  ,7532  
MORIGAON,ASSAM  ,3678  
MORSHI,MAHARASHTRA  ,7228  
MORVI,GUJRAT  ,2822  
MOTIHARI,BIHAR & JHARKHAND  ,6252  
MOTIPUR,BIHAR & JHARKHAND  ,6223  
MOTU,ORISSA  ,6859  
MOUDA,MAHARASHTRA  ,7115  
MUDALGI,KARNATAKA  ,8334  
MUDDEBIHAL,KARNATAKA  ,8356  
MUDHOL,KARNATAKA  ,8350  
MUDIGERE,KARNATAKA  ,8263  
MUDUKULATHUR,TAMILNADU  ,4576  
MUKHED,MAHARASHTRA  ,2461  
MUKTASAR,PUNJAB  ,1633  
MUL,MAHARASHTRA  ,7174  
MULANUR,TAMILNADU  ,4202  
MULBAGAL,KARNATAKA  ,8159  
MULI,GUJRAT  ,2756  
MULTAI,MADHYA PRADESH & CHHATTISGARH  ,7147  
MULUG,ANDHRA PRADESH  ,8715  
MUMBAI, ,22  
MUNDAGOD,KARNATAKA  ,8301  
MUNDARGI,KARNATAKA  ,8371  
MUNDRA,GUJRAT  ,2838  
MUNGAOLI,MADHYA PRADESH & CHHATTISGARH  ,7548  
MUNGELI,MADHYA PRADESH & CHHATTISGARH  ,7755  
MUNNAR,KERALA  ,4865  
MUNSIARI,UTTAR PRADESH(WEST) & UTTARAKHAND  ,5961  
MURBAD,MAHARASHTRA  ,2524  
MURI,BIHAR & JHARKHAND  ,6522  
MURSHIDABAD (JIAGANJ),WEST BENGAL & ANDAMAN NIKOBAR  ,3483  
MURTIZAPUR,MAHARASHTRA  ,7256  
MURUD,MAHARASHTRA  ,2144  
MURUGOD,KARNATAKA  ,8337  
MUSAFIRKHANA,UTTAR PRADESH(EAST)  ,5361  
MUSIRI,TAMILNADU  ,4326  
MUVATTUPUZHA,KERALA  ,485  
MUZAFFAR NAGAR,UTTAR PRADESH(WEST) & UTTARAKHAND  ,131  
MUZAFFARPUR,BIHAR & JHARKHAND  ,621  
MYLAVARAM,ANDHRA PRADESH  ,8659  
MYSORE,KARNATAKA  ,821  
NABHA,PUNJAB  ,1765  
NABINAGAR,BIHAR & JHARKHAND  ,6332  
NADBAI,RAJASTHAN  ,5643  
NADIAD,GUJRAT  ,268  
NAGAMANGALA,KARNATAKA  ,8234  
NAGAON,ASSAM  ,3672  
NAGAPATTINAM,TAMILNADU  ,4365  
NAGARAKATA,WEST BENGAL & ANDAMAN NIKOBAR  ,3565  
NAGARKURNOOL,ANDHRA PRADESH  ,8540  
NAGARUTARI,BIHAR & JHARKHAND  ,6564  
NAGAUR (E) (MUNDWA MARWAR),RAJASTHAN  ,1584  
NAGAUR (N),RAJASTHAN  ,1582  
NAGAUR (W) (KHINWSAR),RAJASTHAN  ,1585  
NAGBHIR,MAHARASHTRA  ,7179  
NAGERCOIL,TAMILNADU  ,4652  
NAGINA,UTTAR PRADESH(WEST) & UTTARAKHAND  ,1343  
NAGOD,MADHYA PRADESH & CHHATTISGARH  ,7673  
NAGPUR,MAHARASHTRA  ,712  
NAGRI,MADHYA PRADESH & CHHATTISGARH  ,7700  
NAHAN,HIMACHAL PRADESH  ,1702  
NAHAVARA,MAHARASHTRA  ,2137  
NAINITAL,UTTAR PRADESH(WEST) & UTTARAKHAND  ,5942  
NAINPUR,MADHYA PRADESH & CHHATTISGARH  ,7646  
NAINWA,RAJASTHAN  ,7437  
NAJIBABAD,UTTAR PRADESH(WEST) & UTTARAKHAND  ,1341  
NAKHATRANA,GUJRAT  ,2835  
NAKODAR,PUNJAB  ,1821  
NAKTIDEUL,ORISSA  ,6647  
NAKUR (GANGOH),UTTAR PRADESH(WEST) & UTTARAKHAND  ,1331  
NALA,BIHAR & JHARKHAND  ,6428  
NALAGARH,HIMACHAL PRADESH  ,1795  
NALBARI,ASSAM  ,3624  
NALGONDA,ANDHRA PRADESH  ,8682  
NALHATI,WEST BENGAL & ANDAMAN NIKOBAR  ,3465  
NALIA,GUJRAT  ,2831  
NALLACHERUVU (TANAKALLU),ANDHRA PRADESH  ,8498  
NAMAKKAL,TAMILNADU  ,4286  
NAMPALLE,ANDHRA PRADESH  ,8692  
NANDAPUR,ORISSA  ,6868  
NANDED,MAHARASHTRA  ,2462  
NANDGAON,MAHARASHTRA  ,7221  
NANDGAON,MAHARASHTRA  ,2552  
NANDIGAMA,ANDHRA PRADESH  ,8678  
NANDIKOTKUR,ANDHRA PRADESH  ,8513  
NANDNVA,MAHARASHTRA  ,7279  
NANDURBAR,MAHARASHTRA  ,2564  
NANDYAL,ANDHRA PRADESH  ,8514  
NANGAL,PUNJAB  ,1887  
NANGUNERI,TAMILNADU  ,4635  
NANJANGUD,KARNATAKA  ,8221  
NANPARA-I (NANPARA),UTTAR PRADESH(EAST)  ,5253  
NANPARAH-II (MIHINPURWA),UTTAR PRADESH(EAST)  ,5254  
NARAINGARH,HARYANA  ,1734  
NARAINI (ATTARRA),UTTAR PRADESH(EAST)  ,5191  
NARAINPUR,MADHYA PRADESH & CHHATTISGARH  ,7781  
NARASAMPET,ANDHRA PRADESH  ,8718  
NARAYANKHED,ANDHRA PRADESH  ,8456  
NARAYANPET,ANDHRA PRADESH  ,8506  
NARGUND,KARNATAKA  ,8377  
NARKATIAGANJ,BIHAR & JHARKHAND  ,6253  
NARKHED,MAHARASHTRA  ,7105  
NARLAROAD,ORISSA  ,6677  
NARNAUL,HARYANA  ,1282  
NARSAPUR,ANDHRA PRADESH  ,8458  
NARSAPUR (PALAKOLE),ANDHRA PRADESH  ,8814  
NARSARAOPET,ANDHRA PRADESH  ,8647  
NARSIMHARAJAPUR,KARNATAKA  ,8266  
NARSINGHARH,MADHYA PRADESH & CHHATTISGARH  ,7375  
NARSINGHPUR,ORISSA  ,6721  
NARSINGHPUR,MADHYA PRADESH & CHHATTISGARH  ,7792  
NARSIPATNAM,ANDHRA PRADESH  ,8932  
NARWANA,HARYANA  ,1684  
NARWAR,MADHYA PRADESH & CHHATTISGARH  ,7491  
NASIKCITY,MAHARASHTRA  ,253  
NASIRABAD,RAJASTHAN  ,1491  
NASRULLAGANJ,MADHYA PRADESH & CHHATTISGARH  ,7563  
NASWADI,GUJRAT  ,2661  
NATERAN,MADHYA PRADESH & CHHATTISGARH  ,7595  
NATHAM,TAMILNADU  ,4544  
NATHDWARA,RAJASTHAN  ,2953  
NAUGACHIA,BIHAR & JHARKHAND  ,6421  
NAUGARH-I (TETRIBAZAR),UTTAR PRADESH(EAST)  ,5544  
NAUGARH-II (BARHANI),UTTAR PRADESH(EAST)  ,5543  
NAVALGUND,KARNATAKA  ,8380  
NAVAPUR,MAHARASHTRA  ,2569  
NAVI MUMBAI (TURBHE), ,215  
NAVSARI,GUJRAT  ,2637  
NAWA (KUCHAMANCITY),RAJASTHAN  ,1586  
NAWABGANJ,UTTAR PRADESH(WEST) & UTTARAKHAND  ,5825  
NAWADA,BIHAR & JHARKHAND  ,6324  
NAWANSHAHAR,PUNJAB  ,1823  
NAYAGARH,ORISSA  ,6753  
NAYAGARH (KULTIKRI),WEST BENGAL & ANDAMAN NIKOBAR  ,3223  
NEDUMANDAD,KERALA  ,4728  
NEDUMGANDAM,KERALA  ,4868  
NEEM KA THANA,RAJASTHAN  ,1574  
NEEMUCH,MADHYA PRADESH & CHHATTISGARH  ,7423  
NEFRA,NORTH EAST  ,3784  
NELAMANGALA,KARNATAKA  ,8118  
NELLORE,ANDHRA PRADESH  ,861  
NEORA,MADHYA PRADESH & CHHATTISGARH  ,7721  
NER,MAHARASHTRA  ,2481  
NETANAR,MADHYA PRADESH & CHHATTISGARH  ,7861  
NEW DELHI, ,11  
NEWAI,RAJASTHAN  ,1438  
NEWASA,MAHARASHTRA  ,2427  
NICOBAR ISLANDS,WEST BENGAL & ANDAMAN NIKOBAR  ,3193  
NIDAMANUR (HILLCOLONY),ANDHRA PRADESH  ,8680  
NIGHASAN-I (PALLIAKALAN),UTTAR PRADESH(EAST)  ,5871  
NIGHASAN-II (TIKONIA),UTTAR PRADESH(EAST)  ,5873  
NIGHASAN-III (DHAURAHRA),UTTAR PRADESH(EAST)  ,5874  
NILAMBUR,KERALA  ,4931  
NILANGA,MAHARASHTRA  ,2384  
NILOKHERI,HARYANA  ,1745  
NIMAPARA,ORISSA  ,6758  
NIMBAHERA,RAJASTHAN  ,1477  
NIMBURGA,KARNATAKA  ,8440  
NIPHAD,MAHARASHTRA  ,2550  
NIRMAL,ANDHRA PRADESH  ,8734  
NIRMAND,HIMACHAL PRADESH  ,1904  
NIWARI,MADHYA PRADESH & CHHATTISGARH  ,7680  
NIWAS,MADHYA PRADESH & CHHATTISGARH  ,7641  
NIZAMABAD,ANDHRA PRADESH  ,8462  
NIZAR,GUJRAT  ,2628  
NOAMUNDI,BIHAR & JHARKHAND  ,6596  
NOBRA,JAMMU & KASHMIR  ,1980  
NOHAR (E),RAJASTHAN  ,1555  
NOHAR (W) (JEDASAR),RAJASTHAN  ,1502  
NOHAR(C) (RAWATSAR),RAJASTHAN  ,1537  
NOKHA (E),RAJASTHAN  ,1531  
NOKHA (W) (NATHUSAR),RAJASTHAN  ,1532  
NONGPOH,NORTH EAST  ,3638  
NONGSTOIN,NORTH EAST  ,3654  
NORTH LAKHIMPUR,ASSAM  ,3752  
NOWGAON,MADHYA PRADESH & CHHATTISGARH  ,7685  
NOWPARATAN,ORISSA  ,6678  
NOWRANGAPUR,ORISSA  ,6858  
NOWSHERA,JAMMU & KASHMIR  ,1960  
NUGURU (CHERLA),ANDHRA PRADESH  ,8747  
NUH,HARYANA  ,1267  
NURPUR,HIMACHAL PRADESH  ,1893  
NUZVIDU,ANDHRA PRADESH  ,8656  
NYOMA,JAMMU & KASHMIR  ,1981  
ODDANCHATRAM,TAMILNADU  ,4553  
ODGI,MADHYA PRADESH & CHHATTISGARH  ,7773  
OKHA,GUJRAT  ,2892  
OMALUR,TAMILNADU  ,4290  
OMERGA,MAHARASHTRA  ,2475  
ONGOLE,ANDHRA PRADESH  ,8592  
OOTACAMUND,TAMILNADU  ,423  
ORAI,UTTAR PRADESH(EAST)  ,5162  
ORATHANAD,TAMILNADU  ,4372  
OSIAN (E) (DHANWARA),RAJASTHAN  ,2927  
OSIAN (N),RAJASTHAN  ,2922  
OSIAN (S) (MATHANIA),RAJASTHAN  ,2926  
OSMANABAD,MAHARASHTRA  ,2472  
OUTSARANGAPALLE,ANDHRA PRADESH  ,8753  
PACHMARHI,MADHYA PRADESH & CHHATTISGARH  ,7578  
PACHORA,MAHARASHTRA  ,2596  
PACHPADRA (E) (KORNA),RAJASTHAN  ,2980  
PACHPADRA (W) (BALOTRA),RAJASTHAN  ,2988  
PACHPAHAR (BHAWANIMANDI),RAJASTHAN  ,7433  
PADAMKOT,MADHYA PRADESH & CHHATTISGARH  ,7783  
PADAMPUR,RAJASTHAN  ,1505  
PADDHARI,GUJRAT  ,2820  
PADERU,ANDHRA PRADESH  ,8935  
PADMAPUR,ORISSA  ,6683  
PADRA,GUJRAT  ,2662  
PADRAUNA,UTTAR PRADESH(EAST)  ,5564  
PAHALGAM,JAMMU & KASHMIR  ,1936  
PAHASU,UTTAR PRADESH(WEST) & UTTARAKHAND  ,5733  
PAIKAMAL,ORISSA  ,6684  
PAITHAN,MAHARASHTRA  ,2431  
PAKALA,ANDHRA PRADESH  ,8585  
PAKHANJUR,MADHYA PRADESH & CHHATTISGARH  ,7844  
PAKKEKESANG,NORTH EAST  ,3778  
PAKRIBARWAN,BIHAR & JHARKHAND  ,6325  
PAKRIDAYAL,BIHAR & JHARKHAND  ,6259  
PAKUR,BIHAR & JHARKHAND  ,6435  
PALACODE,TAMILNADU  ,4348  
PALAI,KERALA  ,4822  
PALAKONDA (RAJAM),ANDHRA PRADESH  ,8941  
PALAMPUR,HIMACHAL PRADESH  ,1894  
PALANI,TAMILNADU  ,4545  
PALANPUR,GUJRAT  ,2742  
PALGHAR,MAHARASHTRA  ,2525  
PALGHAT,KERALA  ,491  
PALI,MADHYA PRADESH & CHHATTISGARH  ,7816  
PALI,MAHARASHTRA  ,2142  
PALI (N) (ROHAT),RAJASTHAN  ,2936  
PALI (S),RAJASTHAN  ,2932  
PALITANA,GUJRAT  ,2848  
PALKOT,BIHAR & JHARKHAND  ,6536  
PALLA HARA,ORISSA  ,6765  
PALLADUM,TAMILNADU  ,4255  
PALMANERU,ANDHRA PRADESH  ,8579  
PALNAD  (MACHERALA),ANDHRA PRADESH  ,8642  
PALWAL,HARYANA  ,1275  
PAMURU,ANDHRA PRADESH  ,8490  
PANDARIA,MADHYA PRADESH & CHHATTISGARH  ,7754  
PANDAVPURA,KARNATAKA  ,8236  
PANDHANA,MADHYA PRADESH & CHHATTISGARH  ,7320  
PANDHARKAWADA,MAHARASHTRA  ,7235  
PANDHARPUR,MAHARASHTRA  ,2186  
PANDHURNA,MADHYA PRADESH & CHHATTISGARH  ,7164  
PANDISHANKAR,MADHYA PRADESH & CHHATTISGARH  ,7819  
PANGI (KILLAR),HIMACHAL PRADESH  ,1897  
PANGIN,NORTH EAST  ,3797  
PANHALA,MAHARASHTRA  ,2328  
PANIPAT,HARYANA  ,180  
PANJI,MAHARASHTRA  ,832  
PANNA,MADHYA PRADESH & CHHATTISGARH  ,7732  
PAONTA,HIMACHAL PRADESH  ,1704  
PAPADHANDI,ORISSA  ,6869  
PAPANASAM,TAMILNADU  ,4374  
PARAJANG,ORISSA  ,6768  
PARAMAKUDI,TAMILNADU  ,4564  
PARANDA,MAHARASHTRA  ,2477  
PARASGAON,MADHYA PRADESH & CHHATTISGARH  ,7784  
PARASIA,MADHYA PRADESH & CHHATTISGARH  ,7161  
PARBATSAR (N) (MAKRANA),RAJASTHAN  ,1588  
PARBATSAR (S),RAJASTHAN  ,1589  
PARBHANI,MAHARASHTRA  ,2452  
PARDIP,ORISSA  ,6722  
PARGI,ANDHRA PRADESH  ,8412  
PARKAL,ANDHRA PRADESH  ,8713  
PARLAKHEMUNDI,ORISSA  ,6815  
PARNER,MAHARASHTRA  ,2488  
PAROLA,MAHARASHTRA  ,2597  
PARSEONI,MAHARASHTRA  ,7102  
PARTAPNAGAR,UTTAR PRADESH(WEST) & UTTARAKHAND  ,1379  
PARTUR,MAHARASHTRA  ,2484  
PARVATHIPURAM,ANDHRA PRADESH  ,8963  
PASAN,MADHYA PRADESH & CHHATTISGARH  ,7811  
PASSIGHAT,NORTH EAST  ,368  
PATAN,MADHYA PRADESH & CHHATTISGARH  ,7826  
PATAN,BIHAR & JHARKHAND  ,6560  
PATAN,MADHYA PRADESH & CHHATTISGARH  ,7621  
PATAN,GUJRAT  ,2766  
PATAN,MAHARASHTRA  ,2372  
PATERA,MADHYA PRADESH & CHHATTISGARH  ,7605  
PATHALGAON,MADHYA PRADESH & CHHATTISGARH  ,7765  
PATHANAMTHITTA,KERALA  ,4733  
PATHANKOT,PUNJAB  ,186  
PATHAPATNAM (HIRAMANDALAM),ANDHRA PRADESH  ,8946  
PATHARDI,MAHARASHTRA  ,2428  
PATHARI,MAHARASHTRA  ,2451  
PATHARIA,MADHYA PRADESH & CHHATTISGARH  ,7601  
PATIALA,PUNJAB  ,175  
PATNA,BIHAR & JHARKHAND  ,612  
PATNAGARH,ORISSA  ,6648  
PATODA,MAHARASHTRA  ,2444  
PATTAMUNDAI,ORISSA  ,6729  
PATTI,UTTAR PRADESH(EAST)  ,5343  
PATTI,PUNJAB  ,1851  
PATTIKONDA,ANDHRA PRADESH  ,8520  
PATTUKOTTAI,TAMILNADU  ,4373  
PAUNI,MAHARASHTRA  ,7185  
PAURI-I,UTTAR PRADESH(WEST) & UTTARAKHAND  ,1368  
PAURI-II (BUBAKHAL),UTTAR PRADESH(WEST) & UTTARAKHAND  ,1346  
PAVAGADA,KARNATAKA  ,8136  
PAVIJETPUR,GUJRAT  ,2664  
PAWAI,MADHYA PRADESH & CHHATTISGARH  ,7733  
PAYYANUR,KERALA  ,4985  
PEAPALLE,ANDHRA PRADESH  ,8522  
PEDDAPALLI,ANDHRA PRADESH  ,8728  
PEDDAPURAM,ANDHRA PRADESH  ,8852  
PEERMEDU,KERALA  ,4869  
PEHOWA,HARYANA  ,1741  
PEINT,MAHARASHTRA  ,2558  
PEN,MAHARASHTRA  ,2143  
PENDRA,MADHYA PRADESH & CHHATTISGARH  ,7751  
PENUKONDA,ANDHRA PRADESH  ,8555  
PERAMBALUR,TAMILNADU  ,4328  
PERINTHALMANNA,KERALA  ,4933  
PERUNDURAI,TAMILNADU  ,4294  
PETLAWAD,MADHYA PRADESH & CHHATTISGARH  ,7391  
PHAGI,RAJASTHAN  ,1430  
PHAGWARA,PUNJAB  ,1824  
PHALODI (E) (LOHAWAT),RAJASTHAN  ,2923  
PHALODI (N) (BAP),RAJASTHAN  ,2921  
PHALODI (S),RAJASTHAN  ,2925  
PHALODI (W) (BAROO),RAJASTHAN  ,2924  
PHALTAN,MAHARASHTRA  ,2166  
PHARENDA-I (COMPIERGANJ),UTTAR PRADESH(EAST)  ,5522  
PHARENDA-II (ANAND NAGAR),UTTAR PRADESH(EAST)  ,5524  
PHEK,NORTH EAST  ,3865  
PHILLAUR,PUNJAB  ,1826  
PHIRINGIA,ORISSA  ,6845  
PHOOLPUR,UTTAR PRADESH(EAST)  ,5332  
PHULBANI,ORISSA  ,6842  
PHULERA (E) (RENWAL),RAJASTHAN  ,1424  
PHULERA (W) (SAMBHAR),RAJASTHAN  ,1425  
PHULMANDI,PUNJAB  ,1651  
PHULPARAS,BIHAR & JHARKHAND  ,6277  
PHULPUR-I (PHULPUR),UTTAR PRADESH(EAST)  ,5460  
PHULPUR-II (ATRAWLIA),UTTAR PRADESH(EAST)  ,5465  
PICHHORE,MADHYA PRADESH & CHHATTISGARH  ,7496  
PIDUGURALLA,ANDHRA PRADESH  ,8649  
PILER,ANDHRA PRADESH  ,8584  
PILIBHIT,UTTAR PRADESH(WEST) & UTTARAKHAND  ,5882  
PIMPALNER,MAHARASHTRA  ,2561  
PINDWARA,RAJASTHAN  ,2971  
PINGESHWAR,MADHYA PRADESH & CHHATTISGARH  ,7701  
PIPALDA (SUMERGANJ MANDI),RAJASTHAN  ,7458  
PIPARIA,MADHYA PRADESH & CHHATTISGARH  ,7576  
PIRANGUT,MAHARASHTRA  ,2139  
PIRAWA (RAIPUR),RAJASTHAN  ,7434  
PIRO,BIHAR & JHARKHAND  ,6181  
PITAMBERPUR,UTTAR PRADESH(WEST) & UTTARAKHAND  ,5821  
PITHAPURAM,ANDHRA PRADESH  ,8869  
PITHORAGARH,UTTAR PRADESH(WEST) & UTTARAKHAND  ,5964  
PODILI,ANDHRA PRADESH  ,8499  
POHARI,MADHYA PRADESH & CHHATTISGARH  ,7490  
POKRAN-1 (NACHNA),RAJASTHAN  ,2995  
POKRAN-2 (MADASAR),RAJASTHAN  ,3017  
POKRAN-3 (LOHARKI),RAJASTHAN  ,2996  
POKRAN-4 (POKRAN),RAJASTHAN  ,2994  
POKRAN-5 (PHALSOOND),RAJASTHAN  ,3019  
POLADPUR,MAHARASHTRA  ,2191  
POLAVARAM,ANDHRA PRADESH  ,8811  
POLLACHI,TAMILNADU  ,4259  
POLUR,TAMILNADU  ,4181  
PONDA,MAHARASHTRA  ,8343  
PONDICHERRY,TAMILNADU  ,413  
PONNAMARAVATHI,TAMILNADU  ,4333  
PONNERI,TAMILNADU  ,4119  
POOH,HIMACHAL PRADESH  ,1785  
POONCH,JAMMU & KASHMIR  ,1965  
PORBANDER,GUJRAT  ,286  
POWAYAN,UTTAR PRADESH(EAST)  ,5844  
PRABHA PATTAN,MADHYA PRADESH & CHHATTISGARH  ,7148  
PRANTIJ,GUJRAT  ,2770  
PRATAPGARH,UTTAR PRADESH(EAST)  ,5342  
PRATAPGARH (N),RAJASTHAN  ,1478  
PRATAPGARH (S) (ARNOD),RAJASTHAN  ,1479  
PRATAPPUR,MADHYA PRADESH & CHHATTISGARH  ,7777  
PREMNAGAR,MADHYA PRADESH & CHHATTISGARH  ,7776  
PRODDATUR,ANDHRA PRADESH  ,8564  
PUDUKKOTTAI,TAMILNADU  ,4322  
PULIVENDLA,ANDHRA PRADESH  ,8568  
PULWAMA,JAMMU & KASHMIR  ,1933  
PUNALUR,KERALA  ,475  
PUNASA,MADHYA PRADESH & CHHATTISGARH  ,7323  
PUNE,MAHARASHTRA  ,20  
PUNGANUR,ANDHRA PRADESH  ,8581  
PUPRI,BIHAR & JHARKHAND  ,6228  
PURANPUR,UTTAR PRADESH(WEST) & UTTARAKHAND  ,5880  
PURI,ORISSA  ,6752  
PURNEA,BIHAR & JHARKHAND  ,6454  
PUROLA,UTTAR PRADESH(WEST) & UTTARAKHAND  ,1373  
PURULIA,WEST BENGAL & ANDAMAN NIKOBAR  ,3252  
PURUNA KATAK,ORISSA  ,6843  
PURWA (BIGHAPUR),UTTAR PRADESH(EAST)  ,5142  
PUSAD,MAHARASHTRA  ,7233  
PUSEGAON,MAHARASHTRA  ,2375  
PUSHPRAJGARH,MADHYA PRADESH & CHHATTISGARH  ,7629  
PUTTUR,KARNATAKA  ,8251  
PUTTURU,ANDHRA PRADESH  ,8577  
QUADIAN,PUNJAB  ,1872  
QUILON,KERALA  ,474  
R.K.PUR,NORTH EAST  ,3821  
R.UDAYIGIRI,ORISSA  ,6817  
RADHANAGAR,MAHARASHTRA  ,2321  
RADHANPUR,GUJRAT  ,2746  
RAFIGANJ,BIHAR & JHARKHAND  ,6327  
RAGHOGARH,MADHYA PRADESH & CHHATTISGARH  ,7544  
RAGHUNATHPUR,MADHYA PRADESH & CHHATTISGARH  ,7535  
RAHATGARH,MADHYA PRADESH & CHHATTISGARH  ,7584  
RAHPAR,GUJRAT  ,2830  
RAHURI,MAHARASHTRA  ,2426  
RAIBAG (KUDCHI),KARNATAKA  ,8331  
RAIBARELI,UTTAR PRADESH(EAST)  ,535  
RAICHUR,KARNATAKA  ,8532  
RAIGANJ,WEST BENGAL & ANDAMAN NIKOBAR  ,3523  
RAIGARH,MADHYA PRADESH & CHHATTISGARH  ,7762  
RAIPUR,RAJASTHAN  ,1481  
RAIPUR,MADHYA PRADESH & CHHATTISGARH  ,771  
RAIPUR,RAJASTHAN  ,2937  
RAIRAKHOL,ORISSA  ,6644  
RAIRANGPUR,ORISSA  ,6794  
RAISEN,MADHYA PRADESH & CHHATTISGARH  ,7482  
RAISINGHNAGAR,RAJASTHAN  ,1507  
RAJAHMUNDRI,ANDHRA PRADESH  ,883  
RAJAMPETA,ANDHRA PRADESH  ,8565  
RAJANDGAON,MADHYA PRADESH & CHHATTISGARH  ,7744  
RAJAPALAYAM,TAMILNADU  ,4563  
RAJAPUR,MAHARASHTRA  ,2353  
RAJAULI,BIHAR & JHARKHAND  ,6336  
RAJDHANWAR,BIHAR & JHARKHAND  ,6554  
RAJGANGPUR,ORISSA  ,6624  
RAJGARH,HIMACHAL PRADESH  ,1799  
RAJGARH,RAJASTHAN  ,1464  
RAJGARH,RAJASTHAN  ,1559  
RAJGARH,MADHYA PRADESH & CHHATTISGARH  ,7372  
RAJGARHI,UTTAR PRADESH(WEST) & UTTARAKHAND  ,1375  
RAJGURUNAGAR,MAHARASHTRA  ,2135  
RAJKHARIAR,ORISSA  ,6671  
RAJKOT,GUJRAT  ,281  
RAJMAHAL,BIHAR & JHARKHAND  ,6426  
RAJOURI,JAMMU & KASHMIR  ,1962  
RAJPIPLA,GUJRAT  ,2640  
RAJPUR,MADHYA PRADESH & CHHATTISGARH  ,7284  
RAJPUR,MADHYA PRADESH & CHHATTISGARH  ,7832  
RAJPURA,PUNJAB  ,1762  
RAJSAMAND (KANKORLI),RAJASTHAN  ,2952  
RAJULA,GUJRAT  ,2794  
RAJURA,MAHARASHTRA  ,7173  
RALEGAON,MAHARASHTRA  ,7202  
RAMACHANDRAPURAM,ANDHRA PRADESH  ,8857  
RAMAN,PUNJAB  ,1655  
RAMANATHPURAM,TAMILNADU  ,4567  
RAMANNAPET,ANDHRA PRADESH  ,8694  
RAMBAN,JAMMU & KASHMIR  ,1998  
RAMCHANDRAPUR,MADHYA PRADESH & CHHATTISGARH  ,7779  
RAMDURG,KARNATAKA  ,8335  
RAMESHWARAM,TAMILNADU  ,4573  
RAMGANJ MANDI,RAJASTHAN  ,7459  
RAMGARH,RAJASTHAN  ,1468  
RAMGARH,BIHAR & JHARKHAND  ,6553  
RAMNAGAR,BIHAR & JHARKHAND  ,6256  
RAMNAGAR,JAMMU & KASHMIR  ,1990  
RAMPACHODAVARAM,ANDHRA PRADESH  ,8864  
RAMPUR,UTTAR PRADESH(WEST) & UTTARAKHAND  ,595  
RAMPUR BUSHAHAR,HIMACHAL PRADESH  ,1782  
RAMPUR HAT,WEST BENGAL & ANDAMAN NIKOBAR  ,3461  
RAMSANEHI GHAT,UTTAR PRADESH(EAST)  ,5241  
RAMTEK,MAHARASHTRA  ,7114  
RANAGHAT,WEST BENGAL & ANDAMAN NIKOBAR  ,3473  
RANAVAV,GUJRAT  ,2801  
RANCHI,BIHAR & JHARKHAND  ,651  
RANEBENNUR,KARNATAKA  ,8373  
RANGAPARA,ASSAM  ,3714  
RANIGANJ,BIHAR & JHARKHAND  ,6461  
RANIKHET,UTTAR PRADESH(WEST) & UTTARAKHAND  ,5966  
RANIPET,TAMILNADU  ,4172  
RANNI,KERALA  ,4735  
RAPUR (PODALAKUR),ANDHRA PRADESH  ,8621  
RASARA,UTTAR PRADESH(EAST)  ,5491  
RASHMI,RAJASTHAN  ,1471  
RASIPURAM,TAMILNADU  ,4287  
RATANGARH,RAJASTHAN  ,1567  
RATH,UTTAR PRADESH(EAST)  ,5280  
RATIA,HARYANA  ,1697  
RATLAM,MADHYA PRADESH & CHHATTISGARH  ,7412  
RATNAGIRI,MAHARASHTRA  ,2352  
RAVER,MAHARASHTRA  ,2584  
RAXAUL,BIHAR & JHARKHAND  ,6255  
RAYACHOTI,ANDHRA PRADESH  ,8561  
RAYADURG,ANDHRA PRADESH  ,8495  
RAYAGADA,ORISSA  ,6856  
RAYYA,PUNJAB  ,1853  
RAZOLE,ANDHRA PRADESH  ,8862  
REASI,JAMMU & KASHMIR  ,1991  
REHLI,MADHYA PRADESH & CHHATTISGARH  ,7585  
REODAR,RAJASTHAN  ,2975  
REPALLE,ANDHRA PRADESH  ,8648  
RESUBELPARA (MENDIPATHAR),NORTH EAST  ,3659  
RETLAD,GUJRAT  ,2697  
REWA,MADHYA PRADESH & CHHATTISGARH  ,7662  
REWARI,HARYANA  ,1274  
RISOD,MAHARASHTRA  ,7251  
ROBERTSGANJ -II (OBRA),UTTAR PRADESH(EAST)  ,5445  
ROBERTSGANJ-I,UTTAR PRADESH(EAST)  ,5444  
ROHA,MAHARASHTRA  ,2194  
ROHRU,HIMACHAL PRADESH  ,1781  
ROHTAK,HARYANA  ,1262  
ROHTAS,BIHAR & JHARKHAND  ,6188  
ROING-I,NORTH EAST  ,3803  
ROING-II (ARDA),NORTH EAST  ,3802  
ROING-III (MARISO),NORTH EAST  ,3779  
RON,KARNATAKA  ,8381  
ROORKEE-I,UTTAR PRADESH(WEST) & UTTARAKHAND  ,1332  
ROORKEE-II (HARDWAR),UTTAR PRADESH(WEST) & UTTARAKHAND  ,1334  
ROPAR,PUNJAB  ,1881  
ROSERA,BIHAR & JHARKHAND  ,6275  
ROURKELA,ORISSA  ,661  
RUPBAS,RAJASTHAN  ,5645  
S.BAKHTIARPUR,BIHAR & JHARKHAND  ,6475  
SABALGARH,MADHYA PRADESH & CHHATTISGARH  ,7536  
SADABAD,UTTAR PRADESH(WEST) & UTTARAKHAND  ,5661  
SADARHILLS (KANGPOKAI),NORTH EAST  ,3880  
SADIYA,ASSAM  ,3756  
SADULSHAHAR,RAJASTHAN  ,1503  
SAFIDON,HARYANA  ,1686  
SAFIPUR,UTTAR PRADESH(EAST)  ,5144  
SAGALEE,NORTH EAST  ,3809  
SAGAR,KARNATAKA  ,8183  
SAGAR,MADHYA PRADESH & CHHATTISGARH  ,7582  
SAGRI,UTTAR PRADESH(EAST)  ,5466  
SAGWARA,RAJASTHAN  ,2966  
SAHABAD,RAJASTHAN  ,7460  
SAHARANPUR,UTTAR PRADESH(WEST) & UTTARAKHAND  ,132  
SAHARSA,BIHAR & JHARKHAND  ,6478  
SAHASWAN,UTTAR PRADESH(WEST) & UTTARAKHAND  ,5833  
SAHIBGANJ,BIHAR & JHARKHAND  ,6436  
SAIDPUR,UTTAR PRADESH(EAST)  ,5495  
SAIHA-I,NORTH EAST  ,3835  
SAIHA-II (TUIPANG),NORTH EAST  ,3836  
SAILANA,MADHYA PRADESH & CHHATTISGARH  ,7413  
SAKARWADI,MAHARASHTRA  ,2160  
SAKLESHPUR,KARNATAKA  ,8173  
SAKOLI,MAHARASHTRA  ,7186  
SAKRI,MAHARASHTRA  ,2568  
SALEKASA,MAHARASHTRA  ,7180  
SALEM,TAMILNADU  ,427  
SALEMPUR-I (SALEMPUR),UTTAR PRADESH(EAST)  ,5566  
SALEMPUR-II (BARHAJ),UTTAR PRADESH(EAST)  ,5561  
SALKANI,KARNATAKA  ,8283  
SALON -I (SALON),UTTAR PRADESH(EAST)  ,5311  
SALON-II (JAIS),UTTAR PRADESH(EAST)  ,5313  
SALUMBER,RAJASTHAN  ,2906  
SALURU,ANDHRA PRADESH  ,8964  
SAMANA,PUNJAB  ,1764  
SAMASTIPUR,BIHAR & JHARKHAND  ,6274  
SAMBA,JAMMU & KASHMIR  ,1923  
SAMBALPUR,ORISSA  ,663  
SAMBHAL,UTTAR PRADESH(WEST) & UTTARAKHAND  ,5923  
SAMRALA,PUNJAB  ,1628  
SAMUDRAPUR,MAHARASHTRA  ,7151  
SANAND,GUJRAT  ,2717  
SANCHORE (E),RAJASTHAN  ,2979  
SANCHORE (W) (HADECHA),RAJASTHAN  ,2970  
SANDILA,UTTAR PRADESH(EAST)  ,5854  
SANDUR,KARNATAKA  ,8395  
SANGAMNER,MAHARASHTRA  ,2425  
SANGANESHWAR (DEORUKH),MAHARASHTRA  ,2354  
SANGAREDDY,ANDHRA PRADESH  ,8455  
SANGARIA,RAJASTHAN  ,1499  
SANGLI,MAHARASHTRA  ,233  
SANGOD,RAJASTHAN  ,7450  
SANGOLA,MAHARASHTRA  ,2187  
SANGRUR,PUNJAB  ,1672  
SANGUEM,MAHARASHTRA  ,8345  
SANKAGIRI,TAMILNADU  ,4283  
SANKARAN KOIL,TAMILNADU  ,4636  
SANKHEDA,GUJRAT  ,2665  
SANTALPUR,GUJRAT  ,2738  
SANTRAMPUR,GUJRAT  ,2675  
SANWER,MADHYA PRADESH & CHHATTISGARH  ,7321  
SAONER,MAHARASHTRA  ,7113  
SAPOTRA,RAJASTHAN  ,7465  
SARADA (CHAWAND),RAJASTHAN  ,2905  
SARAIKELA (ADSTYAPUR),BIHAR & JHARKHAND  ,6597  
SARAIPALI,MADHYA PRADESH & CHHATTISGARH  ,7725  
SARANGGARH,MADHYA PRADESH & CHHATTISGARH  ,7768  
SARANGPUR,MADHYA PRADESH & CHHATTISGARH  ,7371  
SARDARPUR,MADHYA PRADESH & CHHATTISGARH  ,7296  
SARDARSHAHAR (N)-JAITSISAR,RAJASTHAN  ,1563  
SARDARSHAHAR (S),RAJASTHAN  ,1564  
SARDHANA,UTTAR PRADESH(WEST) & UTTARAKHAND  ,1237  
SARDULGARH,PUNJAB  ,1659  
SARHIND,PUNJAB  ,1763  
SARONA,MADHYA PRADESH & CHHATTISGARH  ,7841  
SARWAR,RAJASTHAN  ,1496  
SASARAM,BIHAR & JHARKHAND  ,6184  
SASWAD,MAHARASHTRA  ,2115  
SATANA,MAHARASHTRA  ,2555  
SATARA,MAHARASHTRA  ,2162  
SATHIYAMANGALAM,TAMILNADU  ,4295  
SATHUPALLI,ANDHRA PRADESH  ,8761  
SATNA,MADHYA PRADESH & CHHATTISGARH  ,7672  
SATTENAPALLI,ANDHRA PRADESH  ,8641  
SATYAVEDU,ANDHRA PRADESH  ,8576  
SAUNDATTI,KARNATAKA  ,8330  
SAUNSAR,MADHYA PRADESH & CHHATTISGARH  ,7165  
SAVANUR,KARNATAKA  ,8378  
SAVARKUNDLA,GUJRAT  ,2845  
SAVLI,GUJRAT  ,2667  
SAWAIMADHOPUR,RAJASTHAN  ,7462  
SAWANTWADI,MAHARASHTRA  ,2363  
SAYAN,GUJRAT  ,2621  
SAYLA,GUJRAT  ,2755  
SEDAM,KARNATAKA  ,8441  
SEHARABAZAR,WEST BENGAL & ANDAMAN NIKOBAR  ,3451  
SEHORE,MADHYA PRADESH & CHHATTISGARH  ,7562  
SEIKHPURA,BIHAR & JHARKHAND  ,6341  
SELOO,MAHARASHTRA  ,7155  
SEMARIA,MADHYA PRADESH & CHHATTISGARH  ,7778  
SENDHWA,MADHYA PRADESH & CHHATTISGARH  ,7281  
SEONDHA,MADHYA PRADESH & CHHATTISGARH  ,7521  
SEONI,MADHYA PRADESH & CHHATTISGARH  ,7692  
SEONIMALWA,MADHYA PRADESH & CHHATTISGARH  ,7570  
SEPPA,NORTH EAST  ,3787  
SHADNAGAR,ANDHRA PRADESH  ,8548  
SHAHABAD,UTTAR PRADESH(WEST) & UTTARAKHAND  ,5960  
SHAHABAD,UTTAR PRADESH(EAST)  ,5853  
SHAHADA,MAHARASHTRA  ,2565  
SHAHAPUR,MAHARASHTRA  ,2527  
SHAHAPUR,KARNATAKA  ,8479  
SHAHAPURA,RAJASTHAN  ,1484  
SHAHDOL,MADHYA PRADESH & CHHATTISGARH  ,7652  
SHAHGANJ,UTTAR PRADESH(EAST)  ,5453  
SHAHJAHANPUR,UTTAR PRADESH(EAST)  ,5842  
SHAHNAGAR,MADHYA PRADESH & CHHATTISGARH  ,7734  
SHAHPUR,MADHYA PRADESH & CHHATTISGARH  ,7640  
SHAHUWADI (MALAKAPUR),MAHARASHTRA  ,2329  
SHAJAPUR,MADHYA PRADESH & CHHATTISGARH  ,7364  
SHAKTI,MADHYA PRADESH & CHHATTISGARH  ,7757  
SHANKARNARAYANA,KARNATAKA  ,8259  
SHEGAON,MAHARASHTRA  ,7265  
SHEHRA,GUJRAT  ,2670  
SHEO (E),RAJASTHAN  ,2987  
SHEO (W) (HARSANI),RAJASTHAN  ,2981  
SHEOGANJ (POSALIYAN),RAJASTHAN  ,2976  
SHEOHAR,BIHAR & JHARKHAND  ,6222  
SHEOPURKALAN,MADHYA PRADESH & CHHATTISGARH  ,7530  
SHERGARH (N) (BALESAR),RAJASTHAN  ,2929  
SHERGARH (N) (DEECHU),RAJASTHAN  ,2928  
SHERGHATI,BIHAR & JHARKHAND  ,6326  
SHERTALLAI,KERALA  ,478  
SHEVGAON,MAHARASHTRA  ,2429  
SHIKARIPURA,KARNATAKA  ,8187  
SHIKOHABAD,UTTAR PRADESH(EAST)  ,5676  
SHILLONG,NORTH EAST  ,364  
SHIMLA,HIMACHAL PRADESH  ,177  
SHIMOGA,KARNATAKA  ,8182  
SHIRAHATTI,KARNATAKA  ,8487  
SHIRALA,MAHARASHTRA  ,2345  
SHIROL (JALSINGPUR),MAHARASHTRA  ,2322  
SHIRPUR,MAHARASHTRA  ,2563  
SHIRUR,MAHARASHTRA  ,2138  
SHIRWAL,MAHARASHTRA  ,2169  
SHIVPURI,MADHYA PRADESH & CHHATTISGARH  ,7492  
SHOLAPUR,MAHARASHTRA  ,217  
SHORANUR,KERALA  ,4926  
SHORAPUR,KARNATAKA  ,8443  
SHRI RAMPUR,MAHARASHTRA  ,2422  
SHRIGONDA,MAHARASHTRA  ,2487  
SHRIVARDHAN,MAHARASHTRA  ,2147  
SHUJALPUR,MADHYA PRADESH & CHHATTISGARH  ,7360  
SIBSAGAR,ASSAM  ,3772  
SIDDAPUR,KARNATAKA  ,8389  
SIDDAVATTAM,ANDHRA PRADESH  ,8589  
SIDDIPET,ANDHRA PRADESH  ,8457  
SIDHAULI (MAHMODABAD),UTTAR PRADESH(EAST)  ,5864  
SIDHAWALIA,BIHAR & JHARKHAND  ,6151  
SIDHI,MADHYA PRADESH & CHHATTISGARH  ,7822  
SIDHPUR,GUJRAT  ,2767  
SIDLAGHATTA,KARNATAKA  ,8158  
SIHOR,GUJRAT  ,2846  
SIHORA,MADHYA PRADESH & CHHATTISGARH  ,7624  
SIKANDRA RAO,UTTAR PRADESH(WEST) & UTTARAKHAND  ,5721  
SIKANDRABAD,UTTAR PRADESH(WEST) & UTTARAKHAND  ,5735  
SIKAR,RAJASTHAN  ,1572  
SILCHAR,ASSAM  ,3842  
SILERU,ANDHRA PRADESH  ,8938  
SILIGURI,WEST BENGAL & ANDAMAN NIKOBAR  ,353  
SILLOD,MAHARASHTRA  ,2430  
SILWANI,MADHYA PRADESH & CHHATTISGARH  ,7484  
SIMARIA,BIHAR & JHARKHAND  ,6559  
SIMDEGA,BIHAR & JHARKHAND  ,6525  
SINDAGI,KARNATAKA  ,8488  
SINDERWAHI,MAHARASHTRA  ,7178  
SINDHANUR,KARNATAKA  ,8535  
SINDKHEDA,MAHARASHTRA  ,2566  
SINDKHEDARAJA,MAHARASHTRA  ,7269  
SINGHWARA,BIHAR & JHARKHAND  ,6247  
SINGRAULI,MADHYA PRADESH & CHHATTISGARH  ,7805  
SINNAR,MAHARASHTRA  ,2551  
SIRA,KARNATAKA  ,8135  
SIRCILLA,ANDHRA PRADESH  ,8723  
SIRMOUR,MADHYA PRADESH & CHHATTISGARH  ,7660  
SIROHI,RAJASTHAN  ,2972  
SIRONCHA,MAHARASHTRA  ,7131  
SIRONJ,MADHYA PRADESH & CHHATTISGARH  ,7591  
SIRPURKAGAZNAGAR,ANDHRA PRADESH  ,8738  
SIRSA,HARYANA  ,1666  
SIRSI,KARNATAKA  ,8384  
SIRUGUPPA,KARNATAKA  ,8396  
SITAMARHI,BIHAR & JHARKHAND  ,6226  
SITAMAU,MADHYA PRADESH & CHHATTISGARH  ,7426  
SITAPUR,MADHYA PRADESH & CHHATTISGARH  ,7834  
SITAPUR,UTTAR PRADESH(EAST)  ,5862  
SIVAGANGA,TAMILNADU  ,4575  
SIWAN,BIHAR & JHARKHAND  ,6154  
SIWANA (E) (SAMDARI),RAJASTHAN  ,2900  
SIWANA (W),RAJASTHAN  ,2901  
SIWANI,HARYANA  ,1255  
SIYANA,UTTAR PRADESH(WEST) & UTTARAKHAND  ,5736  
SODAM,ANDHRA PRADESH  ,8583  
SOHAGPUR,MADHYA PRADESH & CHHATTISGARH  ,7575  
SOHELA,ORISSA  ,6685  
SOJAT (SOJAT-CITY),RAJASTHAN  ,2960  
SOLAN,HIMACHAL PRADESH  ,1792  
SOMPETA,ANDHRA PRADESH  ,8947  
SOMWARPET,KARNATAKA  ,8276  
SONAPUR,ORISSA  ,6654  
SONDHWA,MADHYA PRADESH & CHHATTISGARH  ,7395  
SONEPUR,BIHAR & JHARKHAND  ,6158  
SONIPAT,HARYANA  ,130  
SONKATCH,MADHYA PRADESH & CHHATTISGARH  ,7270  
SOPORE,JAMMU & KASHMIR  ,1954  
SORAB,KARNATAKA  ,8184  
SORAON,UTTAR PRADESH(EAST)  ,5335  
SORO,ORISSA  ,6788  
SOYEGAON,MAHARASHTRA  ,2438  
SPITI (KAZA),HIMACHAL PRADESH  ,1906  
SRIDUNGARGARH (N)-DUNGARGH,RAJASTHAN  ,1565  
SRIDUNGARGARH (S) (SUDSAR),RAJASTHAN  ,1566  
SRIGANGANAGAR,RAJASTHAN  ,154  
SRIKAKULAM,ANDHRA PRADESH  ,8942  
SRIKALAHASTHI,ANDHRA PRADESH  ,8578  
SRIKARANPUR,RAJASTHAN  ,1501  
SRIMADHOPUR,RAJASTHAN  ,1575  
SRINAGAR,JAMMU & KASHMIR  ,194  
SRINIVASAPUR,KARNATAKA  ,8157  
SRIPERUMPUDUR,TAMILNADU  ,4111  
SRISAILAM,ANDHRA PRADESH  ,8524  
SRIVAIKUNDAM,TAMILNADU  ,4630  
SRUNGAVARAPUKOTA (KOTHVLS),ANDHRA PRADESH  ,8966  
SUDHIMALLA (TEKULAPALLI),ANDHRA PRADESH  ,8741  
SUJANGARH (E),RAJASTHAN  ,1568  
SUJANGARH (W) (LALGARH),RAJASTHAN  ,1569  
SUJANGARH(C) (BIDASAR),RAJASTHAN  ,1560  
SUKMA,MADHYA PRADESH & CHHATTISGARH  ,7864  
SULLIA,KARNATAKA  ,8257  
SULLURPET,ANDHRA PRADESH  ,8623  
SULTANPUR,UTTAR PRADESH(EAST)  ,5362  
SULTANPUR LODHI,PUNJAB  ,1828  
SUMRASAR,GUJRAT  ,2808  
SUNABEDA,ORISSA  ,6853  
SUNAM,PUNJAB  ,1676  
SUNDARGARH,ORISSA  ,6622  
SUNDERNAGAR,HIMACHAL PRADESH  ,1907  
SUPAUL,BIHAR & JHARKHAND  ,6473  
SURADA,ORISSA  ,6819  
SURAJPUR,MADHYA PRADESH & CHHATTISGARH  ,7775  
SURAT,GUJRAT  ,261  
SURATGARH (N) (GOLUWALA),RAJASTHAN  ,1508  
SURATGARH (S),RAJASTHAN  ,1509  
SURENDRANAGAR,GUJRAT  ,2752  
SURGENA,MAHARASHTRA  ,2593  
SURI,WEST BENGAL & ANDAMAN NIKOBAR  ,3462  
SURYAPET,ANDHRA PRADESH  ,8684  
SUSNER,MADHYA PRADESH & CHHATTISGARH  ,7361  
T.NARSIPUR,KARNATAKA  ,8227  
T.RAMPUR,ORISSA  ,6675  
TADEPALLIGUDEM,ANDHRA PRADESH  ,8818  
TADIPATRI,ANDHRA PRADESH  ,8558  
TALAJA,GUJRAT  ,2842  
TALALA,GUJRAT  ,2877  
TALASARI,MAHARASHTRA  ,2521  
TALCHER,ORISSA  ,6760  
TALEGAOKARANGAL,MAHARASHTRA  ,7156  
TALI,NORTH EAST  ,3790  
TALIHA,NORTH EAST  ,3791  
TALIPARAMBA,KERALA  ,4982  
TALLAK,KARNATAKA  ,8190  
TALODA,MAHARASHTRA  ,2567  
TAMENGLONG,NORTH EAST  ,3877  
TAMIA,MADHYA PRADESH & CHHATTISGARH  ,7149  
TAMLUK,WEST BENGAL & ANDAMAN NIKOBAR  ,3228  
TANDA URMAR,PUNJAB  ,1886  
TANDA-II (BASKHARI),UTTAR PRADESH(EAST)  ,5274  
TANDAI-I (TANDA),UTTAR PRADESH(EAST)  ,5273  
TANDURU,ANDHRA PRADESH  ,8411  
TANUKU,ANDHRA PRADESH  ,8819  
TAPKARA,MADHYA PRADESH & CHHATTISGARH  ,7761  
TARABARIHAT,ASSAM  ,3665  
TARABGANJ-I (TERABGANJ),UTTAR PRADESH(EAST)  ,5260  
TARABGANJ-II (COLONELGANJ),UTTAR PRADESH(EAST)  ,5261  
TARAN TARAN,PUNJAB  ,1852  
TARANA,MADHYA PRADESH & CHHATTISGARH  ,7369  
TARANAGAR,RAJASTHAN  ,1561  
TARIKERE,KARNATAKA  ,8261  
TASGAON,MAHARASHTRA  ,2346  
TAWANG,NORTH EAST  ,3794  
TEHRI,UTTAR PRADESH(WEST) & UTTARAKHAND  ,1376  
TEKKALI (PALASA),ANDHRA PRADESH  ,8945  
TELGI,KARNATAKA  ,8426  
TELKOI,ORISSA  ,6735  
TELLICHERRY,KERALA  ,490  
TENALI,ANDHRA PRADESH  ,8644  
TENDUKHEDA,MADHYA PRADESH & CHHATTISGARH  ,7603  
TENKASI,TAMILNADU  ,4633  
TEONTHAR,MADHYA PRADESH & CHHATTISGARH  ,7661  
TEZPUR,ASSAM  ,3712  
TEZU,NORTH EAST  ,3804  
THAKURGANJ,BIHAR & JHARKHAND  ,6459  
THANAGHAZI,RAJASTHAN  ,1465  
THANDLA,MADHYA PRADESH & CHHATTISGARH  ,7390  
THANJAVUR,TAMILNADU  ,4362  
THARA,GUJRAT  ,2747  
THARAD,GUJRAT  ,2737  
THASRA,GUJRAT  ,2699  
THENI,TAMILNADU  ,4546  
THEOG,HIMACHAL PRADESH  ,1783  
THINGHAT,NORTH EAST  ,3873  
THIRTHAHALLI,KARNATAKA  ,8181  
THIRUMANGLAM,TAMILNADU  ,4549  
THIRURAIPOONDI,TAMILNADU  ,4369  
THIRUVANANTHAPURAM,KERALA  ,471  
THODUPUZHA,KERALA  ,4862  
THONBAL,NORTH EAST  ,3848  
THUNGATURTHY,ANDHRA PRADESH  ,8693  
THURAIYURE,TAMILNADU  ,4327  
TIBBI,RAJASTHAN  ,1539  
TIJARA (N) (BHIWADI),RAJASTHAN  ,1493  
TIJARA (S),RAJASTHAN  ,1469  
TIKAMGARH,MADHYA PRADESH & CHHATTISGARH  ,7683  
TILHAR,UTTAR PRADESH(EAST)  ,5841  
TIMARANI,MADHYA PRADESH & CHHATTISGARH  ,7573  
TINDIVANAM,TAMILNADU  ,4147  
TINSUKHIA,ASSAM  ,374  
TIPTUR,KARNATAKA  ,8134  
TIRIVURU,ANDHRA PRADESH  ,8673  
TIRORA,MAHARASHTRA  ,7198  
TIRUCHENDUR,TAMILNADU  ,4639  
TIRUCHENGODE,TAMILNADU  ,4288  
TIRUNELVELLI,TAMILNADU  ,462  
TIRUPATHI,ANDHRA PRADESH  ,877  
TIRUPATHUR,TAMILNADU  ,4577  
TIRUPATTUR,TAMILNADU  ,4179  
TIRUPUR,TAMILNADU  ,421  
TIRUR,KERALA  ,494  
TIRUTTANI,TAMILNADU  ,4118  
TIRUVALLA,KERALA  ,469  
TIRUVANNAMALAI,TAMILNADU  ,4175  
TIRUVARUR,TAMILNADU  ,4366  
TIRUVELLORE,TAMILNADU  ,4116  
TIRUVETTIPURAM,TAMILNADU  ,4182  
TISRI,BIHAR & JHARKHAND  ,6556  
TITLAGARH,ORISSA  ,6655  
TIWASA,MAHARASHTRA  ,7225  
TODARAISINGH,RAJASTHAN  ,1433  
TOHANA,HARYANA  ,1692  
TOHSHAM,HARYANA  ,1253  
TONK (N) (PIPLOO),RAJASTHAN  ,1435  
TONK (S),RAJASTHAN  ,1432  
TORPA,BIHAR & JHARKHAND  ,6538  
TOYNAR,MADHYA PRADESH & CHHATTISGARH  ,7852  
TRICHUR,KERALA  ,487  
TRICHY,TAMILNADU  ,431  
TRIMBAK,MAHARASHTRA  ,2594  
TRIVENIGANJ,BIHAR & JHARKHAND  ,6477  
TUENGSANG,NORTH EAST  ,3861  
TULJAPUR,MAHARASHTRA  ,2471  
TUMKUR,KARNATAKA  ,816  
TUMSAR,MAHARASHTRA  ,7183  
TUMUDIBANDHA,ORISSA  ,6840  
TUNI,ANDHRA PRADESH  ,8854  
TURA,NORTH EAST  ,3651  
TURUVEKERE,KARNATAKA  ,8139  
TUTICORIN,TAMILNADU  ,461  
TUTING,NORTH EAST  ,3799  
UDAIPUR,HIMACHAL PRADESH  ,1909  
UDAIPUR,MADHYA PRADESH & CHHATTISGARH  ,7833  
UDAIPURA,MADHYA PRADESH & CHHATTISGARH  ,7485  
UDAIPURWATI,RAJASTHAN  ,1594  
UDAKISHANGANJ,BIHAR & JHARKHAND  ,6479  
UDALA,ORISSA  ,6795  
UDALGURI,ASSAM  ,3711  
UDAYGIRI,ANDHRA PRADESH  ,8620  
UDGIR,MAHARASHTRA  ,2385  
UDHAMPUR,JAMMU & KASHMIR  ,1992  
UDUMALPET,TAMILNADU  ,4252  
UDUPI,KARNATAKA  ,820  
UJJAIN,MADHYA PRADESH & CHHATTISGARH  ,734  
UKHIMATH (GUPTKASHI),UTTAR PRADESH(WEST) & UTTARAKHAND  ,1364  
UKHRUL CENTRAL,NORTH EAST  ,3845  
UKHRURSOUTH (KASSEMKHULEN),NORTH EAST  ,3870  
ULUNDURPET,TAMILNADU  ,4149  
ULVAPADU,ANDHRA PRADESH  ,8599  
UMARIAPAN,MADHYA PRADESH & CHHATTISGARH  ,7625  
UMARKHED,MAHARASHTRA  ,7231  
UMERKOTE,ORISSA  ,6866  
UMRANE,MAHARASHTRA  ,2598  
UMRER,MAHARASHTRA  ,7116  
UNA,HIMACHAL PRADESH  ,1975  
UNA-DIU,GUJRAT  ,2875  
UNIAYARA,RAJASTHAN  ,1436  
UNNAO,UTTAR PRADESH(EAST)  ,515  
UPLETA,GUJRAT  ,2826  
UPPALA,KERALA  ,4998  
UPRODA,MADHYA PRADESH & CHHATTISGARH  ,7810  
URAVAKONDA,ANDHRA PRADESH  ,8496  
URI,JAMMU & KASHMIR  ,1956  
URLIKANCHAN,MAHARASHTRA  ,2136  
USILIAMPATTI,TAMILNADU  ,4552  
UTHANGARAI,TAMILNADU  ,4341  
UTNOR,ANDHRA PRADESH  ,8731  
UTRAULA,UTTAR PRADESH(EAST)  ,5265  
V.R.PURAM,ANDHRA PRADESH  ,8748  
VADAKKANCHERY,KERALA  ,4884  
VADGAM,GUJRAT  ,2739  
VADODARA,GUJRAT  ,265  
VADUJ,MAHARASHTRA  ,2161  
VAIKOM,KERALA  ,4829  
VAIMPALLI,ANDHRA PRADESH  ,8588  
VALAPADY,TAMILNADU  ,4292  
VALIA,GUJRAT  ,2643  
VALLABHIPUR,GUJRAT  ,2841  
VALLABHNAGAR,RAJASTHAN  ,2957  
VALLIYOOR,TAMILNADU  ,4637  
VALOD,GUJRAT  ,2625  
VALSAD,GUJRAT  ,2632  
VANIYAMBADI,TAMILNADU  ,4174  
VANTHALI,GUJRAT  ,2872  
VAPI,GUJRAT  ,260  
VARANSI,UTTAR PRADESH(EAST)  ,542  
VAV,GUJRAT  ,2740  
VAYALPAD,ANDHRA PRADESH  ,8586  
VDARBONDH,ASSAM  ,3841  
VEDASANDUR,TAMILNADU  ,4551  
VELHE,MAHARASHTRA  ,2130  
VELLORE,TAMILNADU  ,416  
VELUR,TAMILNADU  ,4268  
VENGURLA,MAHARASHTRA  ,2366  
VENKATGIRI,ANDHRA PRADESH  ,8625  
VENKATGIRIKOTA,ANDHRA PRADESH  ,8587  
VERAVAL,GUJRAT  ,2876  
VIDISHA,MADHYA PRADESH & CHHATTISGARH  ,7592  
VIJAPUR,MAHARASHTRA  ,2436  
VIJAPUR,GUJRAT  ,2763  
VIJAYAWADA,ANDHRA PRADESH  ,866  
VIJAYRAGHOGARH,MADHYA PRADESH & CHHATTISGARH  ,7626  
VIKRABAD,ANDHRA PRADESH  ,8416  
VILATHIKULAM,TAMILNADU  ,4638  
VILLUPURAM,TAMILNADU  ,4146  
VINJAMURU,ANDHRA PRADESH  ,8629  
VINUKONDA,ANDHRA PRADESH  ,8646  
VIRAJPET,KARNATAKA  ,8274  
VIRAMGAM,GUJRAT  ,2715  
VIRATNAGAR (SHAHPURA),RAJASTHAN  ,1422  
VIRUDHACHALAM,TAMILNADU  ,4143  
VIRUDHUNAGAR,TAMILNADU  ,4562  
VISAKHAPATNAM,ANDHRA PRADESH  ,891  
VISAVADAR,GUJRAT  ,2873  
VISNAGAR,GUJRAT  ,2765  
VITA,MAHARASHTRA  ,2347  
VIZAYANAGARAM,ANDHRA PRADESH  ,8922  
VUYYURU,ANDHRA PRADESH  ,8676  
VYARA,GUJRAT  ,2626  
WADA,MAHARASHTRA  ,2526  
WADI,KARNATAKA  ,8476  
WADRAINAGAR,MADHYA PRADESH & CHHATTISGARH  ,7772  
WAGHODIA,GUJRAT  ,2668  
WAI,MAHARASHTRA  ,2167  
WALCHANDNAGAR,MAHARASHTRA  ,2118  
WANAPARTHY,ANDHRA PRADESH  ,8543  
WANDIWASH,TAMILNADU  ,4183  
WANI,MAHARASHTRA  ,7239  
WANKANER,GUJRAT  ,2828  
WARANGAL,ANDHRA PRADESH  ,870  
WARASEONI,MADHYA PRADESH & CHHATTISGARH  ,7633  
WARDHA,MAHARASHTRA  ,7152  
WARDHANNAPET (GHANAPUR),ANDHRA PRADESH  ,8711  
WARLYDWARUD,MAHARASHTRA  ,7229  
WARORA,MAHARASHTRA  ,7176  
WASHIM,MAHARASHTRA  ,7252  
WATHAR,MAHARASHTRA  ,2371  
WAZIRGANJ,BIHAR & JHARKHAND  ,6322  
WILLIAMNAGAR,NORTH EAST  ,3658  
WOKHA,NORTH EAST  ,3860  
YADGIRI,KARNATAKA  ,8473  
YANGKIYANG,NORTH EAST  ,3777  
YAWAL,MAHARASHTRA  ,2585  
YELAMANCHILI,ANDHRA PRADESH  ,8931  
YELAVARAM,ANDHRA PRADESH  ,8865  
YELBURGA,KARNATAKA  ,8534  
YELESWARAM,ANDHRA PRADESH  ,8868  
YELLANDU,ANDHRA PRADESH  ,8745  
YELLANURU,ANDHRA PRADESH  ,8550  
YELLAPUR,KARNATAKA  ,8419  
YELLAREDDY,ANDHRA PRADESH  ,8465  
YEOLA,MAHARASHTRA  ,2559  
YEOTMAL,MAHARASHTRA  ,7232  
YERCAUD,TAMILNADU  ,4281  
YERRAGONDAPALEM,ANDHRA PRADESH  ,8403  
ZAHIRABAD,ANDHRA PRADESH  ,8451  
ZAMANIA,UTTAR PRADESH(EAST)  ,5497  
ZANASKAR,JAMMU & KASHMIR  ,1983  
ZHIRNIA,MADHYA PRADESH & CHHATTISGARH  ,7289  
ZIRA,PUNJAB  ,1682  
ZUENHEBOTO,NORTH EAST  ,3867  
